{
  "ipc": {
    "transform": "zscore",
    "mean": 1.8427069364887079,
    "std": 0.7403623561626193,
    "n": 509
  },
  "cpi": {
    "transform": "zscore",
    "mean": 0.7171103116562804,
    "std": 0.637719824859755,
    "n": 509
  },
  "llc_load_miss_rate": {
    "transform": "zscore",
    "mean": 0.07446926845508917,
    "std": 0.14983712692542667,
    "n": 509
  },
  "llc_store_miss_rate": {
    "transform": "zscore",
    "mean": 0.16714766852059784,
    "std": 0.2939059521786124,
    "n": 509
  },
  "llc_mpki": {
    "transform": "log1p_zscore",
    "mean": 0.10795922722301672,
    "std": 0.31353549543923964,
    "n": 509
  },
  "llc_store_mpki": {
    "transform": "log1p_zscore",
    "mean": 0.10229332322983839,
    "std": 0.3626149258238129,
    "n": 509
  },
  "dtlb_miss_rate": {
    "transform": "zscore",
    "mean": 0.0003439033867148446,
    "std": 0.0014151049738173021,
    "n": 509
  },
  "dtlb_mpki": {
    "transform": "log1p_zscore",
    "mean": 0.07958512028680756,
    "std": 0.23885351561970103,
    "n": 509
  },
  "itlb_mpki": {
    "transform": "log1p_zscore",
    "mean": 0.012798449251706574,
    "std": 0.1680011587907443,
    "n": 509
  },
  "fault_per_ki": {
    "transform": "log1p_zscore",
    "mean": 0.426701500099675,
    "std": 0.9379243543126708,
    "n": 509
  },
  "fault_per_ms": {
    "transform": "log1p_zscore",
    "mean": 1.3446767071624754,
    "std": 1.3881361579940137,
    "n": 509
  },
  "minor_fault_ratio": {
    "transform": "zscore",
    "mean": 1.0,
    "std": 0.0,
    "n": 509
  },
  "samples_per_ms": {
    "transform": "zscore",
    "mean": 13.494449275586035,
    "std": 34.14744740912709,
    "n": 509
  },
  "anon_fault_ratio": {
    "transform": "zscore",
    "mean": 0.79695487773555,
    "std": 0.2581996124591914,
    "n": 509
  },
  "file_fault_ratio": {
    "transform": "zscore",
    "mean": 0.2030451222644501,
    "std": 0.2581996124591914,
    "n": 509
  },
  "write_fault_ratio": {
    "transform": "zscore",
    "mean": 0.8159063205702276,
    "std": 0.20774986424722006,
    "n": 509
  },
  "instruction_fault_ratio": {
    "transform": "zscore",
    "mean": 0.09033263254384145,
    "std": 0.11478058449729818,
    "n": 509
  },
  "mmap_per_ms": {
    "transform": "log1p_zscore",
    "mean": 0.060576863165792846,
    "std": 0.10563317674318705,
    "n": 509
  },
  "munmap_per_ms": {
    "transform": "log1p_zscore",
    "mean": 0.010772821219483097,
    "std": 0.02936969945253089,
    "n": 509
  },
  "brk_per_ms": {
    "transform": "log1p_zscore",
    "mean": 0.15450908649731326,
    "std": 0.3685915864841883,
    "n": 509
  },
  "mm_syscall_per_ms": {
    "transform": "log1p_zscore",
    "mean": 0.22762132625003076,
    "std": 0.39132027589836116,
    "n": 509
  },
  "mmap_bytes_per_ms": {
    "transform": "log1p_zscore",
    "mean": 9.19584714840333,
    "std": 1.806170951901692,
    "n": 509
  },
  "win_ipc_mean": {
    "transform": "zscore",
    "mean": 1.711434915913956,
    "std": 0.6967632067882714,
    "n": 509
  },
  "win_ipc_std": {
    "transform": "zscore",
    "mean": 0.29534770423381257,
    "std": 0.1574154960058222,
    "n": 509
  },
  "win_ipc_p95": {
    "transform": "zscore",
    "mean": 2.079086348950827,
    "std": 0.7842133116389897,
    "n": 509
  },
  "win_ipc_peak_share": {
    "transform": "zscore",
    "mean": 0.02690052622124205,
    "std": 0.021055509475135833,
    "n": 509
  },
  "win_ipc_min": {
    "transform": "zscore",
    "mean": 0.9712178832262334,
    "std": 0.5283229802438665,
    "n": 509
  },
  "win_llc_mpki_mean": {
    "transform": "log1p_zscore",
    "mean": 0.1286614438056176,
    "std": 0.3917093385077378,
    "n": 509
  },
  "win_llc_mpki_std": {
    "transform": "log1p_zscore",
    "mean": 0.14035860734456101,
    "std": 0.43375274649954926,
    "n": 509
  },
  "win_llc_mpki_p95": {
    "transform": "log1p_zscore",
    "mean": 0.2327733439146696,
    "std": 0.6357027061715305,
    "n": 509
  },
  "win_llc_mpki_peak_share": {
    "transform": "log1p_zscore",
    "mean": 0.1817864228457607,
    "std": 0.13733504896610815,
    "n": 509
  },
  "win_llc_mpki_min": {
    "transform": "zscore",
    "mean": 0.007888941608922917,
    "std": 0.03942706302509942,
    "n": 509
  },
  "win_dtlb_mpki_mean": {
    "transform": "log1p_zscore",
    "mean": 0.04231546499815448,
    "std": 0.12342491939422433,
    "n": 509
  },
  "win_dtlb_mpki_std": {
    "transform": "log1p_zscore",
    "mean": 0.05117827181883314,
    "std": 0.1731848307702664,
    "n": 509
  },
  "win_dtlb_mpki_p95": {
    "transform": "log1p_zscore",
    "mean": 0.088869455860421,
    "std": 0.24993339400291031,
    "n": 509
  },
  "win_dtlb_mpki_peak_share": {
    "transform": "log1p_zscore",
    "mean": 0.1615850451938068,
    "std": 0.19361697734038052,
    "n": 509
  },
  "win_dtlb_mpki_min": {
    "transform": "zscore",
    "mean": 0.0012433105918628498,
    "std": 0.019553730860269375,
    "n": 509
  },
  "win_itlb_mpki_mean": {
    "transform": "log1p_zscore",
    "mean": 0.009582393172182001,
    "std": 0.16648704520354127,
    "n": 509
  },
  "win_itlb_mpki_std": {
    "transform": "log1p_zscore",
    "mean": 0.009559298356459403,
    "std": 0.11960546083872083,
    "n": 509
  },
  "win_itlb_mpki_p95": {
    "transform": "log1p_zscore",
    "mean": 0.015169006505874277,
    "std": 0.1815092390984716,
    "n": 509
  },
  "win_itlb_mpki_peak_share": {
    "transform": "log1p_zscore",
    "mean": 0.2085204108437717,
    "std": 0.192186541650608,
    "n": 509
  },
  "win_itlb_mpki_min": {
    "transform": "zscore",
    "mean": 1.1432414365186542e-05,
    "std": 0.00016778088816192646,
    "n": 509
  },
  "win_fault_mean": {
    "transform": "log1p_zscore",
    "mean": 6.069049656403116,
    "std": 1.881712268760492,
    "n": 509
  },
  "win_fault_std": {
    "transform": "log1p_zscore",
    "mean": 5.703203153773698,
    "std": 1.9278196577389253,
    "n": 509
  },
  "win_fault_p95": {
    "transform": "log1p_zscore",
    "mean": 6.766867447139753,
    "std": 1.8490859889650666,
    "n": 509
  },
  "win_fault_peak_share": {
    "transform": "log1p_zscore",
    "mean": 0.02414089468620005,
    "std": 0.029233915078596073,
    "n": 509
  },
  "win_fault_min": {
    "transform": "zscore",
    "mean": 7.616895874263261,
    "std": 51.635306730665455,
    "n": 509
  },
  "warmup_ipc": {
    "transform": "zscore",
    "mean": 1.8414457287440922,
    "std": 0.7469104984947522,
    "n": 509
  },
  "steady_ipc": {
    "transform": "zscore",
    "mean": 1.7700561548918063,
    "std": 0.7379297152110613,
    "n": 509
  },
  "phase_ipc_ratio": {
    "transform": "zscore",
    "mean": 1.0543497712804775,
    "std": 0.15078658309040374,
    "n": 509
  },
  "warmup_llc_mpki": {
    "transform": "log1p_zscore",
    "mean": 0.10161135341949205,
    "std": 0.30477955487640496,
    "n": 509
  },
  "steady_llc_mpki": {
    "transform": "log1p_zscore",
    "mean": 0.10575353984692253,
    "std": 0.30418017175055323,
    "n": 509
  },
  "phase_llc_ratio": {
    "transform": "zscore",
    "mean": 1.3090441269752549,
    "std": 1.9541093435420096,
    "n": 509
  },
  "phase_fault_ratio": {
    "transform": "zscore",
    "mean": 0.9876530815799514,
    "std": 0.10055355547170049,
    "n": 509
  }
}