{
  "ipc": {
    "transform": "zscore",
    "mean": 1.655859231047353,
    "std": 0.8564685050664669,
    "n": 717
  },
  "cpi": {
    "transform": "zscore",
    "mean": 0.6349196876918956,
    "std": 0.6028347515623652,
    "n": 717
  },
  "llc_load_miss_rate": {
    "transform": "zscore",
    "mean": 0.0724944930718607,
    "std": 0.14734434511829472,
    "n": 717
  },
  "llc_store_miss_rate": {
    "transform": "zscore",
    "mean": 0.15367843618851929,
    "std": 0.279115042886304,
    "n": 717
  },
  "llc_mpki": {
    "transform": "log1p_zscore",
    "mean": 0.09070228718322527,
    "std": 0.2875862915043156,
    "n": 717
  },
  "llc_store_mpki": {
    "transform": "log1p_zscore",
    "mean": 0.08028091185609369,
    "std": 0.31253697040572986,
    "n": 717
  },
  "dtlb_miss_rate": {
    "transform": "zscore",
    "mean": 0.00027827598353239835,
    "std": 0.0013261517726330086,
    "n": 717
  },
  "dtlb_mpki": {
    "transform": "log1p_zscore",
    "mean": 0.06624728854957342,
    "std": 0.22439178684159,
    "n": 717
  },
  "itlb_mpki": {
    "transform": "log1p_zscore",
    "mean": 0.00964715667987321,
    "std": 0.14174434361341695,
    "n": 717
  },
  "fault_per_ki": {
    "transform": "log1p_zscore",
    "mean": 0.39867595432935116,
    "std": 1.0070686744958521,
    "n": 717
  },
  "fault_per_ms": {
    "transform": "log1p_zscore",
    "mean": 1.4808140927838518,
    "std": 1.4557138616827774,
    "n": 717
  },
  "minor_fault_ratio": {
    "transform": "zscore",
    "mean": 1.0,
    "std": 0.0,
    "n": 717
  },
  "samples_per_ms": {
    "transform": "zscore",
    "mean": 15.303703381955485,
    "std": 32.96968090416427,
    "n": 717
  },
  "anon_fault_ratio": {
    "transform": "zscore",
    "mean": 0.7530341722143019,
    "std": 0.2823757902822364,
    "n": 717
  },
  "file_fault_ratio": {
    "transform": "zscore",
    "mean": 0.24696582778569795,
    "std": 0.28237579028223636,
    "n": 717
  },
  "write_fault_ratio": {
    "transform": "zscore",
    "mean": 0.7772251528542888,
    "std": 0.22181287907279057,
    "n": 717
  },
  "instruction_fault_ratio": {
    "transform": "zscore",
    "mean": 0.10880333930039578,
    "std": 0.12392123558254768,
    "n": 717
  },
  "mmap_per_ms": {
    "transform": "log1p_zscore",
    "mean": 0.19238922604705697,
    "std": 0.44182319864031927,
    "n": 717
  },
  "munmap_per_ms": {
    "transform": "log1p_zscore",
    "mean": 0.03941233795248016,
    "std": 0.10934602135197227,
    "n": 717
  },
  "brk_per_ms": {
    "transform": "log1p_zscore",
    "mean": 0.20050074415388222,
    "std": 0.3941545840489842,
    "n": 717
  },
  "mm_syscall_per_ms": {
    "transform": "log1p_zscore",
    "mean": 0.3793626353573785,
    "std": 0.6347690432435501,
    "n": 717
  },
  "mmap_bytes_per_ms": {
    "transform": "log1p_zscore",
    "mean": 9.53360644644469,
    "std": 2.4744173000697556,
    "n": 717
  },
  "win_ipc_mean": {
    "transform": "zscore",
    "mean": 1.5466640801044325,
    "std": 0.8070010623640043,
    "n": 717
  },
  "win_ipc_std": {
    "transform": "zscore",
    "mean": 0.2613650091738637,
    "std": 0.18410878172246894,
    "n": 717
  },
  "win_ipc_p95": {
    "transform": "zscore",
    "mean": 1.8710146149942106,
    "std": 0.9473197354321602,
    "n": 717
  },
  "win_ipc_peak_share": {
    "transform": "zscore",
    "mean": 0.0291143923430063,
    "std": 0.06751564435372258,
    "n": 717
  },
  "win_ipc_min": {
    "transform": "zscore",
    "mean": 0.8974145177544682,
    "std": 0.5800776514061191,
    "n": 717
  },
  "win_llc_mpki_mean": {
    "transform": "log1p_zscore",
    "mean": 0.1051441843754911,
    "std": 0.3494132923025412,
    "n": 717
  },
  "win_llc_mpki_std": {
    "transform": "log1p_zscore",
    "mean": 0.11474347643581506,
    "std": 0.38761689362526586,
    "n": 717
  },
  "win_llc_mpki_p95": {
    "transform": "log1p_zscore",
    "mean": 0.18937650383937998,
    "std": 0.5657222557035413,
    "n": 717
  },
  "win_llc_mpki_peak_share": {
    "transform": "log1p_zscore",
    "mean": 0.15818847940253938,
    "std": 0.1384396355588341,
    "n": 717
  },
  "win_llc_mpki_min": {
    "transform": "zscore",
    "mean": 0.006776132710635407,
    "std": 0.03432852255731388,
    "n": 717
  },
  "win_dtlb_mpki_mean": {
    "transform": "log1p_zscore",
    "mean": 0.03543986950219968,
    "std": 0.11374128805860033,
    "n": 717
  },
  "win_dtlb_mpki_std": {
    "transform": "log1p_zscore",
    "mean": 0.04269483863443886,
    "std": 0.16570137222334824,
    "n": 717
  },
  "win_dtlb_mpki_p95": {
    "transform": "log1p_zscore",
    "mean": 0.07479321099777943,
    "std": 0.23855299085681614,
    "n": 717
  },
  "win_dtlb_mpki_peak_share": {
    "transform": "log1p_zscore",
    "mean": 0.14254156738281984,
    "std": 0.19249613085287864,
    "n": 717
  },
  "win_dtlb_mpki_min": {
    "transform": "zscore",
    "mean": 0.0010404698984468135,
    "std": 0.016703219988612204,
    "n": 717
  },
  "win_itlb_mpki_mean": {
    "transform": "log1p_zscore",
    "mean": 0.0070650087286565945,
    "std": 0.14034730631390432,
    "n": 717
  },
  "win_itlb_mpki_std": {
    "transform": "log1p_zscore",
    "mean": 0.007138364804263133,
    "std": 0.10088978048780167,
    "n": 717
  },
  "win_itlb_mpki_p95": {
    "transform": "log1p_zscore",
    "mean": 0.01152501445467075,
    "std": 0.15318316619439662,
    "n": 717
  },
  "win_itlb_mpki_peak_share": {
    "transform": "log1p_zscore",
    "mean": 0.17788987047328925,
    "std": 0.1890605600737609,
    "n": 717
  },
  "win_itlb_mpki_min": {
    "transform": "zscore",
    "mean": 1.435554184838104e-05,
    "std": 0.0001627098791140779,
    "n": 717
  },
  "win_fault_mean": {
    "transform": "log1p_zscore",
    "mean": 5.810955629892854,
    "std": 1.866138064629452,
    "n": 717
  },
  "win_fault_std": {
    "transform": "log1p_zscore",
    "mean": 5.257464044049059,
    "std": 2.1823143545337578,
    "n": 717
  },
  "win_fault_p95": {
    "transform": "log1p_zscore",
    "mean": 6.476879769203157,
    "std": 1.904084696637611,
    "n": 717
  },
  "win_fault_peak_share": {
    "transform": "log1p_zscore",
    "mean": 0.0303971125601737,
    "std": 0.058017709718491836,
    "n": 717
  },
  "win_fault_min": {
    "transform": "zscore",
    "mean": 6.881450488145049,
    "std": 46.7040733217317,
    "n": 717
  },
  "warmup_ipc": {
    "transform": "zscore",
    "mean": 1.651681625095008,
    "std": 0.8623631105203284,
    "n": 717
  },
  "steady_ipc": {
    "transform": "zscore",
    "mean": 1.5912329627134083,
    "std": 0.8506877504682102,
    "n": 717
  },
  "phase_ipc_ratio": {
    "transform": "zscore",
    "mean": 1.0411606084242773,
    "std": 0.15060884034489289,
    "n": 717
  },
  "warmup_llc_mpki": {
    "transform": "log1p_zscore",
    "mean": 0.08654446840286766,
    "std": 0.2903917708379483,
    "n": 717
  },
  "steady_llc_mpki": {
    "transform": "log1p_zscore",
    "mean": 0.08669766229294579,
    "std": 0.26886405125046997,
    "n": 717
  },
  "phase_llc_ratio": {
    "transform": "zscore",
    "mean": 55308.127467545404,
    "std": 1448069.2446078884,
    "n": 717
  },
  "phase_fault_ratio": {
    "transform": "zscore",
    "mean": 2975361.272511078,
    "std": 56257131.77902994,
    "n": 717
  }
}