variant,n_runs,n_time_valid,n_score_valid,n_strict_valid,n_repeat_valid,time_corr,time_spearman,time_mae,time_dir_acc,time_band_acc,repeat_corr,repeat_spearman,repeat_mae,score_corr,score_mae,tie_gate_threshold,tie_shrink_power,tie_margin_weight_alpha,min_anchor_quality,anchor_outlier_mad_scale,anchor_outlier_min_delta,combo_index
ALL,498,481,374,361,75,0.316601,0.431532,1.15652,0.85,0.617729,0.791225,0.729028,1.355864,0.905731,0.275078,0.48,0.65,0.1,0.25,2.5,0.3,1
O0,128,121,128,121,25,,,0.35294,,1.0,,,0.296346,,0.336763,0.48,0.65,0.1,0.25,2.5,0.3,1
O1,124,120,0,0,0,-0.013918,-0.017598,1.358224,0.833333,,,,,,,0.48,0.65,0.1,0.25,2.5,0.3,1
O2,124,120,124,120,25,0.20205,0.193131,1.452418,0.841667,0.475,0.73205,0.759231,1.999899,0.91278,0.248734,0.48,0.65,0.1,0.25,2.5,0.3,1
O3,122,120,122,120,25,0.186368,0.208556,1.469195,0.875,0.466667,0.741262,0.74,1.771347,0.946067,0.237135,0.48,0.65,0.1,0.25,2.5,0.3,1
ALL,498,481,374,361,75,0.316627,0.431444,1.156891,0.85,0.617729,0.791225,0.729028,1.355864,0.905731,0.275078,0.48,0.65,0.1,0.25,2.5,0.35,2
O0,128,121,128,121,25,,,0.35294,,1.0,,,0.296346,,0.336763,0.48,0.65,0.1,0.25,2.5,0.35,2
O1,124,120,0,0,0,-0.013149,-0.018362,1.359711,0.833333,,,,,,,0.48,0.65,0.1,0.25,2.5,0.35,2
O2,124,120,124,120,25,0.20205,0.193131,1.452418,0.841667,0.475,0.73205,0.759231,1.999899,0.91278,0.248734,0.48,0.65,0.1,0.25,2.5,0.35,2
O3,122,120,122,120,25,0.186368,0.208556,1.469195,0.875,0.466667,0.741262,0.74,1.771347,0.946067,0.237135,0.48,0.65,0.1,0.25,2.5,0.35,2
ALL,498,481,374,361,75,0.316215,0.430589,1.157206,0.85,0.617729,0.791225,0.729028,1.355864,0.905731,0.275078,0.48,0.65,0.1,0.25,3.5,0.3,3
O0,128,121,128,121,25,,,0.35294,,1.0,,,0.296346,,0.336763,0.48,0.65,0.1,0.25,3.5,0.3,3
O1,124,120,0,0,0,-0.01593,-0.024641,1.360972,0.833333,,,,,,,0.48,0.65,0.1,0.25,3.5,0.3,3
O2,124,120,124,120,25,0.20205,0.193131,1.452418,0.841667,0.475,0.73205,0.759231,1.999899,0.91278,0.248734,0.48,0.65,0.1,0.25,3.5,0.3,3
O3,122,120,122,120,25,0.186368,0.208556,1.469195,0.875,0.466667,0.741262,0.74,1.771347,0.946067,0.237135,0.48,0.65,0.1,0.25,3.5,0.3,3
ALL,498,481,374,361,75,0.316242,0.4305,1.157577,0.85,0.617729,0.791225,0.729028,1.355864,0.905731,0.275078,0.48,0.65,0.1,0.25,3.5,0.35,4
O0,128,121,128,121,25,,,0.35294,,1.0,,,0.296346,,0.336763,0.48,0.65,0.1,0.25,3.5,0.35,4
O1,124,120,0,0,0,-0.015157,-0.025405,1.362459,0.833333,,,,,,,0.48,0.65,0.1,0.25,3.5,0.35,4
O2,124,120,124,120,25,0.20205,0.193131,1.452418,0.841667,0.475,0.73205,0.759231,1.999899,0.91278,0.248734,0.48,0.65,0.1,0.25,3.5,0.35,4
O3,122,120,122,120,25,0.186368,0.208556,1.469195,0.875,0.466667,0.741262,0.74,1.771347,0.946067,0.237135,0.48,0.65,0.1,0.25,3.5,0.35,4
ALL,498,481,374,361,75,0.316366,0.431442,1.16099,0.85,0.617729,0.781683,0.727173,1.377728,0.906471,0.275235,0.48,0.65,0.1,0.3,2.5,0.3,5
O0,128,121,128,121,25,,,0.353485,,1.0,,,0.298984,,0.337035,0.48,0.65,0.1,0.3,2.5,0.3,5
O1,124,120,0,0,0,-0.011282,-0.014515,1.362475,0.833333,,,,,,,0.48,0.65,0.1,0.3,2.5,0.3,5
O2,124,120,124,120,25,0.204117,0.192416,1.459945,0.841667,0.475,0.721263,0.752308,2.036026,0.913591,0.24782,0.48,0.65,0.1,0.3,2.5,0.3,5
O3,122,120,122,120,25,0.185705,0.20791,1.474784,0.875,0.466667,0.731651,0.740769,1.798174,0.947851,0.238262,0.48,0.65,0.1,0.3,2.5,0.3,5
ALL,498,481,374,361,75,0.316383,0.431363,1.161574,0.85,0.617729,0.781683,0.727173,1.377728,0.906471,0.275235,0.48,0.65,0.1,0.3,2.5,0.35,6
O0,128,121,128,121,25,,,0.353485,,1.0,,,0.298984,,0.337035,0.48,0.65,0.1,0.3,2.5,0.35,6
O1,124,120,0,0,0,-0.010337,-0.015251,1.364815,0.833333,,,,,,,0.48,0.65,0.1,0.3,2.5,0.35,6
O2,124,120,124,120,25,0.204117,0.192416,1.459945,0.841667,0.475,0.721263,0.752308,2.036026,0.913591,0.24782,0.48,0.65,0.1,0.3,2.5,0.35,6
O3,122,120,122,120,25,0.185705,0.20791,1.474784,0.875,0.466667,0.731651,0.740769,1.798174,0.947851,0.238262,0.48,0.65,0.1,0.3,2.5,0.35,6
ALL,498,481,374,361,75,0.315982,0.430492,1.161675,0.85,0.617729,0.781683,0.727173,1.377728,0.906471,0.275235,0.48,0.65,0.1,0.3,3.5,0.3,7
O0,128,121,128,121,25,,,0.353485,,1.0,,,0.298984,,0.337035,0.48,0.65,0.1,0.3,3.5,0.3,7
O1,124,120,0,0,0,-0.01328,-0.021474,1.365223,0.833333,,,,,,,0.48,0.65,0.1,0.3,3.5,0.3,7
O2,124,120,124,120,25,0.204117,0.192416,1.459945,0.841667,0.475,0.721263,0.752308,2.036026,0.913591,0.24782,0.48,0.65,0.1,0.3,3.5,0.3,7
O3,122,120,122,120,25,0.185705,0.20791,1.474784,0.875,0.466667,0.731651,0.740769,1.798174,0.947851,0.238262,0.48,0.65,0.1,0.3,3.5,0.3,7
ALL,498,481,374,361,75,0.315999,0.430413,1.162259,0.85,0.617729,0.781683,0.727173,1.377728,0.906471,0.275235,0.48,0.65,0.1,0.3,3.5,0.35,8
O0,128,121,128,121,25,,,0.353485,,1.0,,,0.298984,,0.337035,0.48,0.65,0.1,0.3,3.5,0.35,8
O1,124,120,0,0,0,-0.012329,-0.02221,1.367563,0.833333,,,,,,,0.48,0.65,0.1,0.3,3.5,0.35,8
O2,124,120,124,120,25,0.204117,0.192416,1.459945,0.841667,0.475,0.721263,0.752308,2.036026,0.913591,0.24782,0.48,0.65,0.1,0.3,3.5,0.35,8
O3,122,120,122,120,25,0.185705,0.20791,1.474784,0.875,0.466667,0.731651,0.740769,1.798174,0.947851,0.238262,0.48,0.65,0.1,0.3,3.5,0.35,8
ALL,498,481,374,361,75,0.307164,0.430265,1.164774,0.85,0.612188,0.79246,0.742972,1.389528,0.89005,0.277607,0.48,0.65,0.1,0.35,2.5,0.3,9
O0,128,121,128,121,25,,,0.362614,,1.0,,,0.299402,,0.345664,0.48,0.65,0.1,0.35,2.5,0.3,9
O1,124,120,0,0,0,-0.01038,-0.017876,1.368289,0.833333,,,,,,,0.48,0.65,0.1,0.35,2.5,0.3,9
O2,124,120,124,120,25,0.179636,0.179151,1.454903,0.841667,0.475,0.730528,0.784615,2.045716,0.884817,0.253808,0.48,0.65,0.1,0.35,2.5,0.3,9
O3,122,120,122,120,25,0.184619,0.20782,1.479975,0.875,0.458333,0.748977,0.75,1.823466,0.95006,0.230392,0.48,0.65,0.1,0.35,2.5,0.3,9
ALL,498,481,374,361,75,0.307213,0.430144,1.164715,0.85,0.612188,0.79246,0.742972,1.389528,0.89005,0.277607,0.48,0.65,0.1,0.35,2.5,0.35,10
O0,128,121,128,121,25,,,0.362614,,1.0,,,0.299402,,0.345664,0.48,0.65,0.1,0.35,2.5,0.35,10
O1,124,120,0,0,0,-0.01,-0.018994,1.368051,0.833333,,,,,,,0.48,0.65,0.1,0.35,2.5,0.35,10
O2,124,120,124,120,25,0.179636,0.179151,1.454903,0.841667,0.475,0.730528,0.784615,2.045716,0.884817,0.253808,0.48,0.65,0.1,0.35,2.5,0.35,10
O3,122,120,122,120,25,0.184619,0.20782,1.479975,0.875,0.458333,0.748977,0.75,1.823466,0.95006,0.230392,0.48,0.65,0.1,0.35,2.5,0.35,10
ALL,498,481,374,361,75,0.306782,0.429223,1.16546,0.85,0.612188,0.79246,0.742972,1.389528,0.89005,0.277607,0.48,0.65,0.1,0.35,3.5,0.3,11
O0,128,121,128,121,25,,,0.362614,,1.0,,,0.299402,,0.345664,0.48,0.65,0.1,0.35,3.5,0.3,11
O1,124,120,0,0,0,-0.012379,-0.024911,1.371037,0.833333,,,,,,,0.48,0.65,0.1,0.35,3.5,0.3,11
O2,124,120,124,120,25,0.179636,0.179151,1.454903,0.841667,0.475,0.730528,0.784615,2.045716,0.884817,0.253808,0.48,0.65,0.1,0.35,3.5,0.3,11
O3,122,120,122,120,25,0.184619,0.20782,1.479975,0.875,0.458333,0.748977,0.75,1.823466,0.95006,0.230392,0.48,0.65,0.1,0.35,3.5,0.3,11
ALL,498,481,374,361,75,0.306831,0.429101,1.1654,0.85,0.612188,0.79246,0.742972,1.389528,0.89005,0.277607,0.48,0.65,0.1,0.35,3.5,0.35,12
O0,128,121,128,121,25,,,0.362614,,1.0,,,0.299402,,0.345664,0.48,0.65,0.1,0.35,3.5,0.35,12
O1,124,120,0,0,0,-0.011999,-0.02603,1.370799,0.833333,,,,,,,0.48,0.65,0.1,0.35,3.5,0.35,12
O2,124,120,124,120,25,0.179636,0.179151,1.454903,0.841667,0.475,0.730528,0.784615,2.045716,0.884817,0.253808,0.48,0.65,0.1,0.35,3.5,0.35,12
O3,122,120,122,120,25,0.184619,0.20782,1.479975,0.875,0.458333,0.748977,0.75,1.823466,0.95006,0.230392,0.48,0.65,0.1,0.35,3.5,0.35,12
ALL,498,481,374,361,75,0.317322,0.432387,1.154125,0.85,0.617729,0.791226,0.729028,1.355865,0.904731,0.278416,0.48,0.65,0.55,0.25,2.5,0.3,13
O0,128,121,128,121,25,,,0.35271,,1.0,,,0.296346,,0.336545,0.48,0.65,0.55,0.25,2.5,0.3,13
O1,124,120,0,0,0,-0.013564,-0.017668,1.357657,0.833333,,,,,,,0.48,0.65,0.55,0.25,2.5,0.3,13
O2,124,120,124,120,25,0.203957,0.199431,1.447486,0.841667,0.475,0.732051,0.759231,1.999896,0.911298,0.253838,0.48,0.65,0.55,0.25,2.5,0.3,13
O3,122,120,122,120,25,0.187983,0.210681,1.465324,0.875,0.466667,0.741262,0.74,1.771354,0.944489,0.242408,0.48,0.65,0.55,0.25,2.5,0.3,13
ALL,498,481,374,361,75,0.317348,0.432269,1.154496,0.85,0.617729,0.791226,0.729028,1.355865,0.904731,0.278416,0.48,0.65,0.55,0.25,2.5,0.35,14
O0,128,121,128,121,25,,,0.35271,,1.0,,,0.296346,,0.336545,0.48,0.65,0.55,0.25,2.5,0.35,14
O1,124,120,0,0,0,-0.012796,-0.018432,1.359144,0.833333,,,,,,,0.48,0.65,0.55,0.25,2.5,0.35,14
O2,124,120,124,120,25,0.203957,0.199431,1.447486,0.841667,0.475,0.732051,0.759231,1.999896,0.911298,0.253838,0.48,0.65,0.55,0.25,2.5,0.35,14
O3,122,120,122,120,25,0.187983,0.210681,1.465324,0.875,0.466667,0.741262,0.74,1.771354,0.944489,0.242408,0.48,0.65,0.55,0.25,2.5,0.35,14
ALL,498,481,374,361,75,0.316938,0.431467,1.154806,0.85,0.617729,0.791226,0.729028,1.355865,0.904731,0.278416,0.48,0.65,0.55,0.25,3.5,0.3,15
O0,128,121,128,121,25,,,0.35271,,1.0,,,0.296346,,0.336545,0.48,0.65,0.55,0.25,3.5,0.3,15
O1,124,120,0,0,0,-0.015563,-0.02471,1.36039,0.833333,,,,,,,0.48,0.65,0.55,0.25,3.5,0.3,15
O2,124,120,124,120,25,0.203957,0.199431,1.447486,0.841667,0.475,0.732051,0.759231,1.999896,0.911298,0.253838,0.48,0.65,0.55,0.25,3.5,0.3,15
O3,122,120,122,120,25,0.187983,0.210681,1.465324,0.875,0.466667,0.741262,0.74,1.771354,0.944489,0.242408,0.48,0.65,0.55,0.25,3.5,0.3,15
ALL,498,481,374,361,75,0.316964,0.431349,1.155177,0.85,0.617729,0.791226,0.729028,1.355865,0.904731,0.278416,0.48,0.65,0.55,0.25,3.5,0.35,16
O0,128,121,128,121,25,,,0.35271,,1.0,,,0.296346,,0.336545,0.48,0.65,0.55,0.25,3.5,0.35,16
O1,124,120,0,0,0,-0.014791,-0.025474,1.361877,0.833333,,,,,,,0.48,0.65,0.55,0.25,3.5,0.35,16
O2,124,120,124,120,25,0.203957,0.199431,1.447486,0.841667,0.475,0.732051,0.759231,1.999896,0.911298,0.253838,0.48,0.65,0.55,0.25,3.5,0.35,16
O3,122,120,122,120,25,0.187983,0.210681,1.465324,0.875,0.466667,0.741262,0.74,1.771354,0.944489,0.242408,0.48,0.65,0.55,0.25,3.5,0.35,16
ALL,498,481,374,361,75,0.317085,0.432221,1.158593,0.85,0.617729,0.781683,0.727173,1.377728,0.905474,0.278572,0.48,0.65,0.55,0.3,2.5,0.3,17
O0,128,121,128,121,25,,,0.353255,,1.0,,,0.298984,,0.336817,0.48,0.65,0.55,0.3,2.5,0.3,17
O1,124,120,0,0,0,-0.010928,-0.014584,1.361902,0.833333,,,,,,,0.48,0.65,0.55,0.3,2.5,0.3,17
O2,124,120,124,120,25,0.20601,0.198812,1.455013,0.841667,0.475,0.721263,0.752308,2.036026,0.912134,0.252923,0.48,0.65,0.55,0.3,2.5,0.3,17
O3,122,120,122,120,25,0.187315,0.209792,1.470912,0.875,0.466667,0.731651,0.740769,1.798174,0.94628,0.243533,0.48,0.65,0.55,0.3,2.5,0.3,17
ALL,498,481,374,361,75,0.317101,0.432118,1.159177,0.85,0.617729,0.781683,0.727173,1.377728,0.905474,0.278572,0.48,0.65,0.55,0.3,2.5,0.35,18
O0,128,121,128,121,25,,,0.353255,,1.0,,,0.298984,,0.336817,0.48,0.65,0.55,0.3,2.5,0.35,18
O1,124,120,0,0,0,-0.009984,-0.015321,1.364243,0.833333,,,,,,,0.48,0.65,0.55,0.3,2.5,0.35,18
O2,124,120,124,120,25,0.20601,0.198812,1.455013,0.841667,0.475,0.721263,0.752308,2.036026,0.912134,0.252923,0.48,0.65,0.55,0.3,2.5,0.35,18
O3,122,120,122,120,25,0.187315,0.209792,1.470912,0.875,0.466667,0.731651,0.740769,1.798174,0.94628,0.243533,0.48,0.65,0.55,0.3,2.5,0.35,18
ALL,498,481,374,361,75,0.316702,0.431294,1.159275,0.85,0.617729,0.781683,0.727173,1.377728,0.905474,0.278572,0.48,0.65,0.55,0.3,3.5,0.3,19
O0,128,121,128,121,25,,,0.353255,,1.0,,,0.298984,,0.336817,0.48,0.65,0.55,0.3,3.5,0.3,19
O1,124,120,0,0,0,-0.012914,-0.021543,1.364635,0.833333,,,,,,,0.48,0.65,0.55,0.3,3.5,0.3,19
O2,124,120,124,120,25,0.20601,0.198812,1.455013,0.841667,0.475,0.721263,0.752308,2.036026,0.912134,0.252923,0.48,0.65,0.55,0.3,3.5,0.3,19
O3,122,120,122,120,25,0.187315,0.209792,1.470912,0.875,0.466667,0.731651,0.740769,1.798174,0.94628,0.243533,0.48,0.65,0.55,0.3,3.5,0.3,19
ALL,498,481,374,361,75,0.316719,0.431192,1.159858,0.85,0.617729,0.781683,0.727173,1.377728,0.905474,0.278572,0.48,0.65,0.55,0.3,3.5,0.35,20
O0,128,121,128,121,25,,,0.353255,,1.0,,,0.298984,,0.336817,0.48,0.65,0.55,0.3,3.5,0.35,20
O1,124,120,0,0,0,-0.011965,-0.022279,1.366975,0.833333,,,,,,,0.48,0.65,0.55,0.3,3.5,0.35,20
O2,124,120,124,120,25,0.20601,0.198812,1.455013,0.841667,0.475,0.721263,0.752308,2.036026,0.912134,0.252923,0.48,0.65,0.55,0.3,3.5,0.35,20
O3,122,120,122,120,25,0.187315,0.209792,1.470912,0.875,0.466667,0.731651,0.740769,1.798174,0.94628,0.243533,0.48,0.65,0.55,0.3,3.5,0.35,20
ALL,498,481,374,361,75,0.307887,0.430946,1.162336,0.85,0.612188,0.79246,0.742972,1.389528,0.889039,0.280932,0.48,0.65,0.55,0.35,2.5,0.3,21
O0,128,121,128,121,25,,,0.362375,,1.0,,,0.299402,,0.345439,0.48,0.65,0.55,0.35,2.5,0.3,21
O1,124,120,0,0,0,-0.010193,-0.017855,1.36759,0.833333,,,,,,,0.48,0.65,0.55,0.35,2.5,0.3,21
O2,124,120,124,120,25,0.181555,0.185124,1.449939,0.841667,0.475,0.730528,0.784615,2.045716,0.88336,0.258879,0.48,0.65,0.55,0.35,2.5,0.3,21
O3,122,120,122,120,25,0.186233,0.209869,1.476107,0.875,0.458333,0.748977,0.75,1.823466,0.948471,0.235666,0.48,0.65,0.55,0.35,2.5,0.3,21
ALL,498,481,374,361,75,0.307935,0.430801,1.162277,0.85,0.612188,0.79246,0.742972,1.389528,0.889039,0.280932,0.48,0.65,0.55,0.35,2.5,0.35,22
O0,128,121,128,121,25,,,0.362375,,1.0,,,0.299402,,0.345439,0.48,0.65,0.55,0.35,2.5,0.35,22
O1,124,120,0,0,0,-0.009813,-0.018974,1.367352,0.833333,,,,,,,0.48,0.65,0.55,0.35,2.5,0.35,22
O2,124,120,124,120,25,0.181555,0.185124,1.449939,0.841667,0.475,0.730528,0.784615,2.045716,0.88336,0.258879,0.48,0.65,0.55,0.35,2.5,0.35,22
O3,122,120,122,120,25,0.186233,0.209869,1.476107,0.875,0.458333,0.748977,0.75,1.823466,0.948471,0.235666,0.48,0.65,0.55,0.35,2.5,0.35,22
ALL,498,481,374,361,75,0.307506,0.429927,1.163018,0.85,0.612188,0.79246,0.742972,1.389528,0.889039,0.280932,0.48,0.65,0.55,0.35,3.5,0.3,23
O0,128,121,128,121,25,,,0.362375,,1.0,,,0.299402,,0.345439,0.48,0.65,0.55,0.35,3.5,0.3,23
O1,124,120,0,0,0,-0.012182,-0.024891,1.370323,0.833333,,,,,,,0.48,0.65,0.55,0.35,3.5,0.3,23
O2,124,120,124,120,25,0.181555,0.185124,1.449939,0.841667,0.475,0.730528,0.784615,2.045716,0.88336,0.258879,0.48,0.65,0.55,0.35,3.5,0.3,23
O3,122,120,122,120,25,0.186233,0.209869,1.476107,0.875,0.458333,0.748977,0.75,1.823466,0.948471,0.235666,0.48,0.65,0.55,0.35,3.5,0.3,23
ALL,498,481,374,361,75,0.307555,0.429782,1.162959,0.85,0.612188,0.79246,0.742972,1.389528,0.889039,0.280932,0.48,0.65,0.55,0.35,3.5,0.35,24
O0,128,121,128,121,25,,,0.362375,,1.0,,,0.299402,,0.345439,0.48,0.65,0.55,0.35,3.5,0.35,24
O1,124,120,0,0,0,-0.011802,-0.026009,1.370085,0.833333,,,,,,,0.48,0.65,0.55,0.35,3.5,0.35,24
O2,124,120,124,120,25,0.181555,0.185124,1.449939,0.841667,0.475,0.730528,0.784615,2.045716,0.88336,0.258879,0.48,0.65,0.55,0.35,3.5,0.35,24
O3,122,120,122,120,25,0.186233,0.209869,1.476107,0.875,0.458333,0.748977,0.75,1.823466,0.948471,0.235666,0.48,0.65,0.55,0.35,3.5,0.35,24
ALL,498,481,374,361,75,0.316754,0.432033,1.155902,0.85,0.614958,0.790915,0.725839,1.352973,0.905409,0.27671,0.48,1.25,0.1,0.25,2.5,0.3,25
O0,128,121,128,121,25,,,0.356291,,1.0,,,0.304933,,0.339799,0.48,1.25,0.1,0.25,2.5,0.3,25
O1,124,120,0,0,0,-0.013601,-0.017619,1.358784,0.833333,,,,,,,0.48,1.25,0.1,0.25,2.5,0.3,25
O2,124,120,124,120,25,0.202886,0.193305,1.448321,0.841667,0.475,0.731979,0.756154,1.990161,0.912687,0.250218,0.48,1.25,0.1,0.25,2.5,0.3,25
O3,122,120,122,120,25,0.187334,0.212549,1.466875,0.875,0.466667,0.742194,0.743846,1.763825,0.946126,0.237443,0.48,1.25,0.1,0.25,2.5,0.3,25
ALL,498,481,374,361,75,0.316781,0.431941,1.156266,0.85,0.614958,0.790915,0.725839,1.352973,0.905409,0.27671,0.48,1.25,0.1,0.25,2.5,0.35,26
O0,128,121,128,121,25,,,0.356291,,1.0,,,0.304933,,0.339799,0.48,1.25,0.1,0.25,2.5,0.35,26
O1,124,120,0,0,0,-0.012839,-0.018737,1.360242,0.833333,,,,,,,0.48,1.25,0.1,0.25,2.5,0.35,26
O2,124,120,124,120,25,0.202886,0.193305,1.448321,0.841667,0.475,0.731979,0.756154,1.990161,0.912687,0.250218,0.48,1.25,0.1,0.25,2.5,0.35,26
O3,122,120,122,120,25,0.187334,0.212549,1.466875,0.875,0.466667,0.742194,0.743846,1.763825,0.946126,0.237443,0.48,1.25,0.1,0.25,2.5,0.35,26
ALL,498,481,374,361,75,0.316615,0.431154,1.156181,0.85,0.614958,0.790915,0.725839,1.352973,0.905409,0.27671,0.48,1.25,0.1,0.25,3.5,0.3,27
O0,128,121,128,121,25,,,0.356291,,1.0,,,0.304933,,0.339799,0.48,1.25,0.1,0.25,3.5,0.3,27
O1,124,120,0,0,0,-0.014443,-0.024043,1.359902,0.833333,,,,,,,0.48,1.25,0.1,0.25,3.5,0.3,27
O2,124,120,124,120,25,0.202886,0.193305,1.448321,0.841667,0.475,0.731979,0.756154,1.990161,0.912687,0.250218,0.48,1.25,0.1,0.25,3.5,0.3,27
O3,122,120,122,120,25,0.187334,0.212549,1.466875,0.875,0.466667,0.742194,0.743846,1.763825,0.946126,0.237443,0.48,1.25,0.1,0.25,3.5,0.3,27
ALL,498,481,374,361,75,0.316642,0.431062,1.156545,0.85,0.614958,0.790915,0.725839,1.352973,0.905409,0.27671,0.48,1.25,0.1,0.25,3.5,0.35,28
O0,128,121,128,121,25,,,0.356291,,1.0,,,0.304933,,0.339799,0.48,1.25,0.1,0.25,3.5,0.35,28
O1,124,120,0,0,0,-0.013679,-0.025161,1.36136,0.833333,,,,,,,0.48,1.25,0.1,0.25,3.5,0.35,28
O2,124,120,124,120,25,0.202886,0.193305,1.448321,0.841667,0.475,0.731979,0.756154,1.990161,0.912687,0.250218,0.48,1.25,0.1,0.25,3.5,0.35,28
O3,122,120,122,120,25,0.187334,0.212549,1.466875,0.875,0.466667,0.742194,0.743846,1.763825,0.946126,0.237443,0.48,1.25,0.1,0.25,3.5,0.35,28
ALL,498,481,374,361,75,0.31649,0.431579,1.160665,0.85,0.614958,0.781145,0.723143,1.375945,0.906201,0.276511,0.48,1.25,0.1,0.3,2.5,0.3,29
O0,128,121,128,121,25,,,0.356836,,1.0,,,0.307569,,0.34009,0.48,1.25,0.1,0.3,2.5,0.3,29
O1,124,120,0,0,0,-0.010868,-0.015244,1.363517,0.833333,,,,,,,0.48,1.25,0.1,0.3,2.5,0.3,29
O2,124,120,124,120,25,0.205024,0.19259,1.456065,0.841667,0.475,0.721019,0.749231,2.02733,0.91358,0.248904,0.48,1.25,0.1,0.3,2.5,0.3,29
O3,122,120,122,120,25,0.186502,0.209973,1.47294,0.875,0.466667,0.732208,0.740769,1.792937,0.947996,0.237865,0.48,1.25,0.1,0.3,2.5,0.3,29
ALL,498,481,374,361,75,0.316506,0.43151,1.161234,0.85,0.614958,0.781145,0.723143,1.375945,0.906201,0.276511,0.48,1.25,0.1,0.3,2.5,0.35,30
O0,128,121,128,121,25,,,0.356836,,1.0,,,0.307569,,0.34009,0.48,1.25,0.1,0.3,2.5,0.35,30
O1,124,120,0,0,0,-0.009937,-0.01598,1.365798,0.833333,,,,,,,0.48,1.25,0.1,0.3,2.5,0.35,30
O2,124,120,124,120,25,0.205024,0.19259,1.456065,0.841667,0.475,0.721019,0.749231,2.02733,0.91358,0.248904,0.48,1.25,0.1,0.3,2.5,0.35,30
O3,122,120,122,120,25,0.186502,0.209973,1.47294,0.875,0.466667,0.732208,0.740769,1.792937,0.947996,0.237865,0.48,1.25,0.1,0.3,2.5,0.35,30
ALL,498,481,374,361,75,0.316351,0.4307,1.160944,0.85,0.614958,0.781145,0.723143,1.375945,0.906201,0.276511,0.48,1.25,0.1,0.3,3.5,0.3,31
O0,128,121,128,121,25,,,0.356836,,1.0,,,0.307569,,0.34009,0.48,1.25,0.1,0.3,3.5,0.3,31
O1,124,120,0,0,0,-0.011704,-0.02146,1.364635,0.833333,,,,,,,0.48,1.25,0.1,0.3,3.5,0.3,31
O2,124,120,124,120,25,0.205024,0.19259,1.456065,0.841667,0.475,0.721019,0.749231,2.02733,0.91358,0.248904,0.48,1.25,0.1,0.3,3.5,0.3,31
O3,122,120,122,120,25,0.186502,0.209973,1.47294,0.875,0.466667,0.732208,0.740769,1.792937,0.947996,0.237865,0.48,1.25,0.1,0.3,3.5,0.3,31
ALL,498,481,374,361,75,0.316368,0.430631,1.161513,0.85,0.614958,0.781145,0.723143,1.375945,0.906201,0.276511,0.48,1.25,0.1,0.3,3.5,0.35,32
O0,128,121,128,121,25,,,0.356836,,1.0,,,0.307569,,0.34009,0.48,1.25,0.1,0.3,3.5,0.35,32
O1,124,120,0,0,0,-0.01077,-0.022196,1.366916,0.833333,,,,,,,0.48,1.25,0.1,0.3,3.5,0.35,32
O2,124,120,124,120,25,0.205024,0.19259,1.456065,0.841667,0.475,0.721019,0.749231,2.02733,0.91358,0.248904,0.48,1.25,0.1,0.3,3.5,0.35,32
O3,122,120,122,120,25,0.186502,0.209973,1.47294,0.875,0.466667,0.732208,0.740769,1.792937,0.947996,0.237865,0.48,1.25,0.1,0.3,3.5,0.35,32
ALL,498,481,374,361,75,0.307331,0.430604,1.164416,0.85,0.609418,0.792196,0.738305,1.388388,0.889777,0.278793,0.48,1.25,0.1,0.35,2.5,0.3,33
O0,128,121,128,121,25,,,0.365972,,1.0,,,0.307987,,0.348727,0.48,1.25,0.1,0.35,2.5,0.3,33
O1,124,120,0,0,0,-0.009908,-0.017717,1.369025,0.833333,,,,,,,0.48,1.25,0.1,0.35,2.5,0.3,33
O2,124,120,124,120,25,0.180378,0.179554,1.451229,0.841667,0.475,0.730638,0.778462,2.03736,0.884824,0.254622,0.48,1.25,0.1,0.35,2.5,0.3,33
O3,122,120,122,120,25,0.185582,0.211091,1.478091,0.875,0.466667,0.749626,0.75,1.819818,0.9502,0.229989,0.48,1.25,0.1,0.35,2.5,0.3,33
ALL,498,481,374,361,75,0.30738,0.430501,1.164357,0.85,0.609418,0.792196,0.738305,1.388388,0.889777,0.278793,0.48,1.25,0.1,0.35,2.5,0.35,34
O0,128,121,128,121,25,,,0.365972,,1.0,,,0.307987,,0.348727,0.48,1.25,0.1,0.35,2.5,0.35,34
O1,124,120,0,0,0,-0.009528,-0.018835,1.368787,0.833333,,,,,,,0.48,1.25,0.1,0.35,2.5,0.35,34
O2,124,120,124,120,25,0.180378,0.179554,1.451229,0.841667,0.475,0.730638,0.778462,2.03736,0.884824,0.254622,0.48,1.25,0.1,0.35,2.5,0.35,34
O3,122,120,122,120,25,0.185582,0.211091,1.478091,0.875,0.466667,0.749626,0.75,1.819818,0.9502,0.229989,0.48,1.25,0.1,0.35,2.5,0.35,34
ALL,498,481,374,361,75,0.307192,0.429644,1.164695,0.85,0.609418,0.792196,0.738305,1.388388,0.889777,0.278793,0.48,1.25,0.1,0.35,3.5,0.3,35
O0,128,121,128,121,25,,,0.365972,,1.0,,,0.307987,,0.348727,0.48,1.25,0.1,0.35,3.5,0.3,35
O1,124,120,0,0,0,-0.010743,-0.024231,1.370144,0.833333,,,,,,,0.48,1.25,0.1,0.35,3.5,0.3,35
O2,124,120,124,120,25,0.180378,0.179554,1.451229,0.841667,0.475,0.730638,0.778462,2.03736,0.884824,0.254622,0.48,1.25,0.1,0.35,3.5,0.3,35
O3,122,120,122,120,25,0.185582,0.211091,1.478091,0.875,0.466667,0.749626,0.75,1.819818,0.9502,0.229989,0.48,1.25,0.1,0.35,3.5,0.3,35
ALL,498,481,374,361,75,0.307241,0.429541,1.164635,0.85,0.609418,0.792196,0.738305,1.388388,0.889777,0.278793,0.48,1.25,0.1,0.35,3.5,0.35,36
O0,128,121,128,121,25,,,0.365972,,1.0,,,0.307987,,0.348727,0.48,1.25,0.1,0.35,3.5,0.35,36
O1,124,120,0,0,0,-0.010364,-0.025349,1.369905,0.833333,,,,,,,0.48,1.25,0.1,0.35,3.5,0.35,36
O2,124,120,124,120,25,0.180378,0.179554,1.451229,0.841667,0.475,0.730638,0.778462,2.03736,0.884824,0.254622,0.48,1.25,0.1,0.35,3.5,0.35,36
O3,122,120,122,120,25,0.185582,0.211091,1.478091,0.875,0.466667,0.749626,0.75,1.819818,0.9502,0.229989,0.48,1.25,0.1,0.35,3.5,0.35,36
ALL,498,481,374,361,75,0.317477,0.433017,1.153493,0.85,0.614958,0.790916,0.725839,1.352974,0.904394,0.280237,0.48,1.25,0.55,0.25,2.5,0.3,37
O0,128,121,128,121,25,,,0.356059,,1.0,,,0.304933,,0.33958,0.48,1.25,0.55,0.25,2.5,0.3,37
O1,124,120,0,0,0,-0.013274,-0.017133,1.358239,0.833333,,,,,,,0.48,1.25,0.55,0.25,2.5,0.3,37
O2,124,120,124,120,25,0.204814,0.199701,1.4434,0.841667,0.475,0.731979,0.756154,1.990158,0.911179,0.255828,0.48,1.25,0.55,0.25,2.5,0.3,37
O3,122,120,122,120,25,0.188987,0.21455,1.46292,0.875,0.466667,0.742193,0.743846,1.763831,0.94453,0.242785,0.48,1.25,0.55,0.25,2.5,0.3,37
ALL,498,481,374,361,75,0.317503,0.432902,1.153857,0.85,0.614958,0.790916,0.725839,1.352974,0.904394,0.280237,0.48,1.25,0.55,0.25,2.5,0.35,38
O0,128,121,128,121,25,,,0.356059,,1.0,,,0.304933,,0.33958,0.48,1.25,0.55,0.25,2.5,0.35,38
O1,124,120,0,0,0,-0.012513,-0.018251,1.359697,0.833333,,,,,,,0.48,1.25,0.55,0.25,2.5,0.35,38
O2,124,120,124,120,25,0.204814,0.199701,1.4434,0.841667,0.475,0.731979,0.756154,1.990158,0.911179,0.255828,0.48,1.25,0.55,0.25,2.5,0.35,38
O3,122,120,122,120,25,0.188987,0.21455,1.46292,0.875,0.466667,0.742193,0.743846,1.763831,0.94453,0.242785,0.48,1.25,0.55,0.25,2.5,0.35,38
ALL,498,481,374,361,75,0.317341,0.432239,1.153767,0.85,0.614958,0.790916,0.725839,1.352974,0.904394,0.280237,0.48,1.25,0.55,0.25,3.5,0.3,39
O0,128,121,128,121,25,,,0.356059,,1.0,,,0.304933,,0.33958,0.48,1.25,0.55,0.25,3.5,0.3,39
O1,124,120,0,0,0,-0.014099,-0.022231,1.359336,0.833333,,,,,,,0.48,1.25,0.55,0.25,3.5,0.3,39
O2,124,120,124,120,25,0.204814,0.199701,1.4434,0.841667,0.475,0.731979,0.756154,1.990158,0.911179,0.255828,0.48,1.25,0.55,0.25,3.5,0.3,39
O3,122,120,122,120,25,0.188987,0.21455,1.46292,0.875,0.466667,0.742193,0.743846,1.763831,0.94453,0.242785,0.48,1.25,0.55,0.25,3.5,0.3,39
ALL,498,481,374,361,75,0.317367,0.432124,1.154131,0.85,0.614958,0.790916,0.725839,1.352974,0.904394,0.280237,0.48,1.25,0.55,0.25,3.5,0.35,40
O0,128,121,128,121,25,,,0.356059,,1.0,,,0.304933,,0.33958,0.48,1.25,0.55,0.25,3.5,0.35,40
O1,124,120,0,0,0,-0.013336,-0.023349,1.360794,0.833333,,,,,,,0.48,1.25,0.55,0.25,3.5,0.35,40
O2,124,120,124,120,25,0.204814,0.199701,1.4434,0.841667,0.475,0.731979,0.756154,1.990158,0.911179,0.255828,0.48,1.25,0.55,0.25,3.5,0.35,40
O3,122,120,122,120,25,0.188987,0.21455,1.46292,0.875,0.466667,0.742193,0.743846,1.763831,0.94453,0.242785,0.48,1.25,0.55,0.25,3.5,0.35,40
ALL,498,481,374,361,75,0.31721,0.432569,1.158254,0.85,0.614958,0.781145,0.723143,1.375945,0.905189,0.280037,0.48,1.25,0.55,0.3,2.5,0.3,41
O0,128,121,128,121,25,,,0.356604,,1.0,,,0.307569,,0.339871,0.48,1.25,0.55,0.3,2.5,0.3,41
O1,124,120,0,0,0,-0.010541,-0.014758,1.362965,0.833333,,,,,,,0.48,1.25,0.55,0.3,2.5,0.3,41
O2,124,120,124,120,25,0.206937,0.199083,1.451144,0.841667,0.475,0.721019,0.749231,2.02733,0.912099,0.254512,0.48,1.25,0.55,0.3,2.5,0.3,41
O3,122,120,122,120,25,0.188149,0.211786,1.468984,0.875,0.466667,0.732208,0.740769,1.792937,0.946406,0.243204,0.48,1.25,0.55,0.3,2.5,0.3,41
ALL,498,481,374,361,75,0.317226,0.432477,1.158823,0.85,0.614958,0.781145,0.723143,1.375945,0.905189,0.280037,0.48,1.25,0.55,0.3,2.5,0.35,42
O0,128,121,128,121,25,,,0.356604,,1.0,,,0.307569,,0.339871,0.48,1.25,0.55,0.3,2.5,0.35,42
O1,124,120,0,0,0,-0.009611,-0.015494,1.365246,0.833333,,,,,,,0.48,1.25,0.55,0.3,2.5,0.35,42
O2,124,120,124,120,25,0.206937,0.199083,1.451144,0.841667,0.475,0.721019,0.749231,2.02733,0.912099,0.254512,0.48,1.25,0.55,0.3,2.5,0.35,42
O3,122,120,122,120,25,0.188149,0.211786,1.468984,0.875,0.466667,0.732208,0.740769,1.792937,0.946406,0.243204,0.48,1.25,0.55,0.3,2.5,0.35,42
ALL,498,481,374,361,75,0.317074,0.431792,1.158528,0.85,0.614958,0.781145,0.723143,1.375945,0.905189,0.280037,0.48,1.25,0.55,0.3,3.5,0.3,43
O0,128,121,128,121,25,,,0.356604,,1.0,,,0.307569,,0.339871,0.48,1.25,0.55,0.3,3.5,0.3,43
O1,124,120,0,0,0,-0.01136,-0.019647,1.364062,0.833333,,,,,,,0.48,1.25,0.55,0.3,3.5,0.3,43
O2,124,120,124,120,25,0.206937,0.199083,1.451144,0.841667,0.475,0.721019,0.749231,2.02733,0.912099,0.254512,0.48,1.25,0.55,0.3,3.5,0.3,43
O3,122,120,122,120,25,0.188149,0.211786,1.468984,0.875,0.466667,0.732208,0.740769,1.792937,0.946406,0.243204,0.48,1.25,0.55,0.3,3.5,0.3,43
ALL,498,481,374,361,75,0.31709,0.431699,1.159097,0.85,0.614958,0.781145,0.723143,1.375945,0.905189,0.280037,0.48,1.25,0.55,0.3,3.5,0.35,44
O0,128,121,128,121,25,,,0.356604,,1.0,,,0.307569,,0.339871,0.48,1.25,0.55,0.3,3.5,0.35,44
O1,124,120,0,0,0,-0.010428,-0.020383,1.366343,0.833333,,,,,,,0.48,1.25,0.55,0.3,3.5,0.35,44
O2,124,120,124,120,25,0.206937,0.199083,1.451144,0.841667,0.475,0.721019,0.749231,2.02733,0.912099,0.254512,0.48,1.25,0.55,0.3,3.5,0.35,44
O3,122,120,122,120,25,0.188149,0.211786,1.468984,0.875,0.466667,0.732208,0.740769,1.792937,0.946406,0.243204,0.48,1.25,0.55,0.3,3.5,0.35,44
ALL,498,481,374,361,75,0.308054,0.431552,1.161967,0.85,0.609418,0.792196,0.738305,1.388388,0.888751,0.282317,0.48,1.25,0.55,0.35,2.5,0.3,45
O0,128,121,128,121,25,,,0.365732,,1.0,,,0.307987,,0.3485,0.48,1.25,0.55,0.35,2.5,0.3,45
O1,124,120,0,0,0,-0.009754,-0.017904,1.36835,0.833333,,,,,,,0.48,1.25,0.55,0.35,2.5,0.3,45
O2,124,120,124,120,25,0.182327,0.185693,1.446265,0.841667,0.475,0.730638,0.778462,2.03736,0.883344,0.26021,0.48,1.25,0.55,0.35,2.5,0.3,45
O3,122,120,122,120,25,0.187219,0.212904,1.474155,0.875,0.466667,0.749626,0.75,1.819818,0.94859,0.235347,0.48,1.25,0.55,0.35,2.5,0.3,45
ALL,498,481,374,361,75,0.308103,0.431425,1.161907,0.85,0.609418,0.792196,0.738305,1.388388,0.888751,0.282317,0.48,1.25,0.55,0.35,2.5,0.35,46
O0,128,121,128,121,25,,,0.365732,,1.0,,,0.307987,,0.3485,0.48,1.25,0.55,0.35,2.5,0.35,46
O1,124,120,0,0,0,-0.009375,-0.019022,1.368112,0.833333,,,,,,,0.48,1.25,0.55,0.35,2.5,0.35,46
O2,124,120,124,120,25,0.182327,0.185693,1.446265,0.841667,0.475,0.730638,0.778462,2.03736,0.883344,0.26021,0.48,1.25,0.55,0.35,2.5,0.35,46
O3,122,120,122,120,25,0.187219,0.212904,1.474155,0.875,0.466667,0.749626,0.75,1.819818,0.94859,0.235347,0.48,1.25,0.55,0.35,2.5,0.35,46
ALL,498,481,374,361,75,0.307918,0.430693,1.16224,0.85,0.609418,0.792196,0.738305,1.388388,0.888751,0.282317,0.48,1.25,0.55,0.35,3.5,0.3,47
O0,128,121,128,121,25,,,0.365732,,1.0,,,0.307987,,0.3485,0.48,1.25,0.55,0.35,3.5,0.3,47
O1,124,120,0,0,0,-0.010574,-0.023092,1.369447,0.833333,,,,,,,0.48,1.25,0.55,0.35,3.5,0.3,47
O2,124,120,124,120,25,0.182327,0.185693,1.446265,0.841667,0.475,0.730638,0.778462,2.03736,0.883344,0.26021,0.48,1.25,0.55,0.35,3.5,0.3,47
O3,122,120,122,120,25,0.187219,0.212904,1.474155,0.875,0.466667,0.749626,0.75,1.819818,0.94859,0.235347,0.48,1.25,0.55,0.35,3.5,0.3,47
ALL,498,481,374,361,75,0.307967,0.430567,1.162181,0.85,0.609418,0.792196,0.738305,1.388388,0.888751,0.282317,0.48,1.25,0.55,0.35,3.5,0.35,48
O0,128,121,128,121,25,,,0.365732,,1.0,,,0.307987,,0.3485,0.48,1.25,0.55,0.35,3.5,0.35,48
O1,124,120,0,0,0,-0.010195,-0.02421,1.369209,0.833333,,,,,,,0.48,1.25,0.55,0.35,3.5,0.35,48
O2,124,120,124,120,25,0.182327,0.185693,1.446265,0.841667,0.475,0.730638,0.778462,2.03736,0.883344,0.26021,0.48,1.25,0.55,0.35,3.5,0.35,48
O3,122,120,122,120,25,0.187219,0.212904,1.474155,0.875,0.466667,0.749626,0.75,1.819818,0.94859,0.235347,0.48,1.25,0.55,0.35,3.5,0.35,48
ALL,498,481,374,361,75,0.316542,0.431553,1.155101,0.85,0.617729,0.791225,0.729028,1.355864,0.905726,0.275105,0.55,0.65,0.1,0.25,2.5,0.3,49
O0,128,121,128,121,25,,,0.35294,,1.0,,,0.296346,,0.336763,0.55,0.65,0.1,0.25,2.5,0.3,49
O1,124,120,0,0,0,-0.013698,-0.015314,1.35245,0.833333,,,,,,,0.55,0.65,0.1,0.25,2.5,0.3,49
O2,124,120,124,120,25,0.202228,0.192965,1.452431,0.841667,0.475,0.73205,0.759231,1.999899,0.912764,0.249155,0.55,0.65,0.1,0.25,2.5,0.3,49
O3,122,120,122,120,25,0.186209,0.208389,1.469267,0.875,0.466667,0.741262,0.74,1.771347,0.94607,0.23679,0.55,0.65,0.1,0.25,2.5,0.3,49
ALL,498,481,374,361,75,0.31682,0.431705,1.155771,0.85,0.617729,0.791225,0.729028,1.355864,0.905726,0.275105,0.55,0.65,0.1,0.25,2.5,0.35,50
O0,128,121,128,121,25,,,0.35294,,1.0,,,0.296346,,0.336763,0.55,0.65,0.1,0.25,2.5,0.35,50
O1,124,120,0,0,0,-0.01184,-0.014959,1.355136,0.833333,,,,,,,0.55,0.65,0.1,0.25,2.5,0.35,50
O2,124,120,124,120,25,0.202228,0.192965,1.452431,0.841667,0.475,0.73205,0.759231,1.999899,0.912764,0.249155,0.55,0.65,0.1,0.25,2.5,0.35,50
O3,122,120,122,120,25,0.186209,0.208389,1.469267,0.875,0.466667,0.741262,0.74,1.771347,0.94607,0.23679,0.55,0.65,0.1,0.25,2.5,0.35,50
ALL,498,481,374,361,75,0.316157,0.43061,1.155786,0.85,0.617729,0.791225,0.729028,1.355864,0.905726,0.275105,0.55,0.65,0.1,0.25,3.5,0.3,51
O0,128,121,128,121,25,,,0.35294,,1.0,,,0.296346,,0.336763,0.55,0.65,0.1,0.25,3.5,0.3,51
O1,124,120,0,0,0,-0.015708,-0.022356,1.355198,0.833333,,,,,,,0.55,0.65,0.1,0.25,3.5,0.3,51
O2,124,120,124,120,25,0.202228,0.192965,1.452431,0.841667,0.475,0.73205,0.759231,1.999899,0.912764,0.249155,0.55,0.65,0.1,0.25,3.5,0.3,51
O3,122,120,122,120,25,0.186209,0.208389,1.469267,0.875,0.466667,0.741262,0.74,1.771347,0.94607,0.23679,0.55,0.65,0.1,0.25,3.5,0.3,51
ALL,498,481,374,361,75,0.316435,0.430761,1.156457,0.85,0.617729,0.791225,0.729028,1.355864,0.905726,0.275105,0.55,0.65,0.1,0.25,3.5,0.35,52
O0,128,121,128,121,25,,,0.35294,,1.0,,,0.296346,,0.336763,0.55,0.65,0.1,0.25,3.5,0.35,52
O1,124,120,0,0,0,-0.013847,-0.022002,1.357884,0.833333,,,,,,,0.55,0.65,0.1,0.25,3.5,0.35,52
O2,124,120,124,120,25,0.202228,0.192965,1.452431,0.841667,0.475,0.73205,0.759231,1.999899,0.912764,0.249155,0.55,0.65,0.1,0.25,3.5,0.35,52
O3,122,120,122,120,25,0.186209,0.208389,1.469267,0.875,0.466667,0.741262,0.74,1.771347,0.94607,0.23679,0.55,0.65,0.1,0.25,3.5,0.35,52
ALL,498,481,374,361,75,0.316309,0.43148,1.15957,0.85,0.617729,0.781683,0.727173,1.377728,0.906466,0.275262,0.55,0.65,0.1,0.3,2.5,0.3,53
O0,128,121,128,121,25,,,0.353485,,1.0,,,0.298984,,0.337035,0.55,0.65,0.1,0.3,2.5,0.3,53
O1,124,120,0,0,0,-0.011064,-0.01223,1.356701,0.833333,,,,,,,0.55,0.65,0.1,0.3,2.5,0.3,53
O2,124,120,124,120,25,0.204295,0.192249,1.459957,0.841667,0.475,0.721263,0.752308,2.036026,0.913574,0.248241,0.55,0.65,0.1,0.3,2.5,0.3,53
O3,122,120,122,120,25,0.185547,0.207744,1.474856,0.875,0.466667,0.731651,0.740769,1.798174,0.947855,0.237916,0.55,0.65,0.1,0.3,2.5,0.3,53
ALL,498,481,374,361,75,0.316575,0.431641,1.160453,0.85,0.617729,0.781683,0.727173,1.377728,0.906466,0.275262,0.55,0.65,0.1,0.3,2.5,0.35,54
O0,128,121,128,121,25,,,0.353485,,1.0,,,0.298984,,0.337035,0.55,0.65,0.1,0.3,2.5,0.35,54
O1,124,120,0,0,0,-0.009038,-0.011848,1.36024,0.833333,,,,,,,0.55,0.65,0.1,0.3,2.5,0.35,54
O2,124,120,124,120,25,0.204295,0.192249,1.459957,0.841667,0.475,0.721263,0.752308,2.036026,0.913574,0.248241,0.55,0.65,0.1,0.3,2.5,0.35,54
O3,122,120,122,120,25,0.185547,0.207744,1.474856,0.875,0.466667,0.731651,0.740769,1.798174,0.947855,0.237916,0.55,0.65,0.1,0.3,2.5,0.35,54
ALL,498,481,374,361,75,0.315924,0.43053,1.160256,0.85,0.617729,0.781683,0.727173,1.377728,0.906466,0.275262,0.55,0.65,0.1,0.3,3.5,0.3,55
O0,128,121,128,121,25,,,0.353485,,1.0,,,0.298984,,0.337035,0.55,0.65,0.1,0.3,3.5,0.3,55
O1,124,120,0,0,0,-0.013061,-0.019189,1.359449,0.833333,,,,,,,0.55,0.65,0.1,0.3,3.5,0.3,55
O2,124,120,124,120,25,0.204295,0.192249,1.459957,0.841667,0.475,0.721263,0.752308,2.036026,0.913574,0.248241,0.55,0.65,0.1,0.3,3.5,0.3,55
O3,122,120,122,120,25,0.185547,0.207744,1.474856,0.875,0.466667,0.731651,0.740769,1.798174,0.947855,0.237916,0.55,0.65,0.1,0.3,3.5,0.3,55
ALL,498,481,374,361,75,0.316191,0.430691,1.161139,0.85,0.617729,0.781683,0.727173,1.377728,0.906466,0.275262,0.55,0.65,0.1,0.3,3.5,0.35,56
O0,128,121,128,121,25,,,0.353485,,1.0,,,0.298984,,0.337035,0.55,0.65,0.1,0.3,3.5,0.35,56
O1,124,120,0,0,0,-0.01103,-0.018807,1.362988,0.833333,,,,,,,0.55,0.65,0.1,0.3,3.5,0.35,56
O2,124,120,124,120,25,0.204295,0.192249,1.459957,0.841667,0.475,0.721263,0.752308,2.036026,0.913574,0.248241,0.55,0.65,0.1,0.3,3.5,0.35,56
O3,122,120,122,120,25,0.185547,0.207744,1.474856,0.875,0.466667,0.731651,0.740769,1.798174,0.947855,0.237916,0.55,0.65,0.1,0.3,3.5,0.35,56
ALL,498,481,374,361,75,0.307095,0.430303,1.16337,0.85,0.612188,0.79246,0.742972,1.389528,0.890044,0.277634,0.55,0.65,0.1,0.35,2.5,0.3,57
O0,128,121,128,121,25,,,0.362614,,1.0,,,0.299402,,0.345664,0.55,0.65,0.1,0.35,2.5,0.3,57
O1,124,120,0,0,0,-0.010205,-0.015591,1.362576,0.833333,,,,,,,0.55,0.65,0.1,0.35,2.5,0.3,57
O2,124,120,124,120,25,0.179811,0.178985,1.454916,0.841667,0.475,0.730528,0.784615,2.045716,0.884797,0.254229,0.55,0.65,0.1,0.35,2.5,0.3,57
O3,122,120,122,120,25,0.18446,0.207653,1.480048,0.875,0.458333,0.748977,0.75,1.823466,0.950064,0.230047,0.55,0.65,0.1,0.35,2.5,0.3,57
ALL,498,481,374,361,75,0.307394,0.430421,1.16361,0.85,0.612188,0.79246,0.742972,1.389528,0.890044,0.277634,0.55,0.65,0.1,0.35,2.5,0.35,58
O0,128,121,128,121,25,,,0.362614,,1.0,,,0.299402,,0.345664,0.55,0.65,0.1,0.35,2.5,0.35,58
O1,124,120,0,0,0,-0.008741,-0.015591,1.363537,0.833333,,,,,,,0.55,0.65,0.1,0.35,2.5,0.35,58
O2,124,120,124,120,25,0.179811,0.178985,1.454916,0.841667,0.475,0.730528,0.784615,2.045716,0.884797,0.254229,0.55,0.65,0.1,0.35,2.5,0.35,58
O3,122,120,122,120,25,0.18446,0.207653,1.480048,0.875,0.458333,0.748977,0.75,1.823466,0.950064,0.230047,0.55,0.65,0.1,0.35,2.5,0.35,58
ALL,498,481,374,361,75,0.306713,0.429261,1.164056,0.85,0.612188,0.79246,0.742972,1.389528,0.890044,0.277634,0.55,0.65,0.1,0.35,3.5,0.3,59
O0,128,121,128,121,25,,,0.362614,,1.0,,,0.299402,,0.345664,0.55,0.65,0.1,0.35,3.5,0.3,59
O1,124,120,0,0,0,-0.012204,-0.022627,1.365324,0.833333,,,,,,,0.55,0.65,0.1,0.35,3.5,0.3,59
O2,124,120,124,120,25,0.179811,0.178985,1.454916,0.841667,0.475,0.730528,0.784615,2.045716,0.884797,0.254229,0.55,0.65,0.1,0.35,3.5,0.3,59
O3,122,120,122,120,25,0.18446,0.207653,1.480048,0.875,0.458333,0.748977,0.75,1.823466,0.950064,0.230047,0.55,0.65,0.1,0.35,3.5,0.3,59
ALL,498,481,374,361,75,0.307011,0.429379,1.164295,0.85,0.612188,0.79246,0.742972,1.389528,0.890044,0.277634,0.55,0.65,0.1,0.35,3.5,0.35,60
O0,128,121,128,121,25,,,0.362614,,1.0,,,0.299402,,0.345664,0.55,0.65,0.1,0.35,3.5,0.35,60
O1,124,120,0,0,0,-0.01074,-0.022627,1.366285,0.833333,,,,,,,0.55,0.65,0.1,0.35,3.5,0.35,60
O2,124,120,124,120,25,0.179811,0.178985,1.454916,0.841667,0.475,0.730528,0.784615,2.045716,0.884797,0.254229,0.55,0.65,0.1,0.35,3.5,0.35,60
O3,122,120,122,120,25,0.18446,0.207653,1.480048,0.875,0.458333,0.748977,0.75,1.823466,0.950064,0.230047,0.55,0.65,0.1,0.35,3.5,0.35,60
ALL,498,481,374,361,75,0.317266,0.432428,1.152695,0.85,0.617729,0.791226,0.729028,1.355865,0.904726,0.278443,0.55,0.65,0.55,0.25,2.5,0.3,61
O0,128,121,128,121,25,,,0.35271,,1.0,,,0.296346,,0.336545,0.55,0.65,0.55,0.25,2.5,0.3,61
O1,124,120,0,0,0,-0.013327,-0.015293,1.351842,0.833333,,,,,,,0.55,0.65,0.55,0.25,2.5,0.3,61
O2,124,120,124,120,25,0.204136,0.199264,1.447498,0.841667,0.475,0.732051,0.759231,1.999896,0.911282,0.254259,0.55,0.65,0.55,0.25,2.5,0.3,61
O3,122,120,122,120,25,0.187825,0.210515,1.465397,0.875,0.466667,0.741262,0.74,1.771354,0.944492,0.242063,0.55,0.65,0.55,0.25,2.5,0.3,61
ALL,498,481,374,361,75,0.317544,0.432574,1.153365,0.85,0.617729,0.791226,0.729028,1.355865,0.904726,0.278443,0.55,0.65,0.55,0.25,2.5,0.35,62
O0,128,121,128,121,25,,,0.35271,,1.0,,,0.296346,,0.336545,0.55,0.65,0.55,0.25,2.5,0.35,62
O1,124,120,0,0,0,-0.01147,-0.014939,1.354529,0.833333,,,,,,,0.55,0.65,0.55,0.25,2.5,0.35,62
O2,124,120,124,120,25,0.204136,0.199264,1.447498,0.841667,0.475,0.732051,0.759231,1.999896,0.911282,0.254259,0.55,0.65,0.55,0.25,2.5,0.35,62
O3,122,120,122,120,25,0.187825,0.210515,1.465397,0.875,0.466667,0.741262,0.74,1.771354,0.944492,0.242063,0.55,0.65,0.55,0.25,2.5,0.35,62
ALL,498,481,374,361,75,0.316882,0.431508,1.153377,0.85,0.617729,0.791226,0.729028,1.355865,0.904726,0.278443,0.55,0.65,0.55,0.25,3.5,0.3,63
O0,128,121,128,121,25,,,0.35271,,1.0,,,0.296346,,0.336545,0.55,0.65,0.55,0.25,3.5,0.3,63
O1,124,120,0,0,0,-0.015326,-0.022335,1.354575,0.833333,,,,,,,0.55,0.65,0.55,0.25,3.5,0.3,63
O2,124,120,124,120,25,0.204136,0.199264,1.447498,0.841667,0.475,0.732051,0.759231,1.999896,0.911282,0.254259,0.55,0.65,0.55,0.25,3.5,0.3,63
O3,122,120,122,120,25,0.187825,0.210515,1.465397,0.875,0.466667,0.741262,0.74,1.771354,0.944492,0.242063,0.55,0.65,0.55,0.25,3.5,0.3,63
ALL,498,481,374,361,75,0.31716,0.431654,1.154047,0.85,0.617729,0.791226,0.729028,1.355865,0.904726,0.278443,0.55,0.65,0.55,0.25,3.5,0.35,64
O0,128,121,128,121,25,,,0.35271,,1.0,,,0.296346,,0.336545,0.55,0.65,0.55,0.25,3.5,0.35,64
O1,124,120,0,0,0,-0.013466,-0.021981,1.357261,0.833333,,,,,,,0.55,0.65,0.55,0.25,3.5,0.35,64
O2,124,120,124,120,25,0.204136,0.199264,1.447498,0.841667,0.475,0.732051,0.759231,1.999896,0.911282,0.254259,0.55,0.65,0.55,0.25,3.5,0.35,64
O3,122,120,122,120,25,0.187825,0.210515,1.465397,0.875,0.466667,0.741262,0.74,1.771354,0.944492,0.242063,0.55,0.65,0.55,0.25,3.5,0.35,64
ALL,498,481,374,361,75,0.31703,0.432279,1.157163,0.85,0.617729,0.781683,0.727173,1.377728,0.905469,0.278599,0.55,0.65,0.55,0.3,2.5,0.3,65
O0,128,121,128,121,25,,,0.353255,,1.0,,,0.298984,,0.336817,0.55,0.65,0.55,0.3,2.5,0.3,65
O1,124,120,0,0,0,-0.010694,-0.012209,1.356088,0.833333,,,,,,,0.55,0.65,0.55,0.3,2.5,0.3,65
O2,124,120,124,120,25,0.206188,0.198646,1.455026,0.841667,0.475,0.721263,0.752308,2.036026,0.912116,0.253345,0.55,0.65,0.55,0.3,2.5,0.3,65
O3,122,120,122,120,25,0.187157,0.209626,1.470984,0.875,0.466667,0.731651,0.740769,1.798174,0.946283,0.243188,0.55,0.65,0.55,0.3,2.5,0.3,65
ALL,498,481,374,361,75,0.317296,0.43244,1.158046,0.85,0.617729,0.781683,0.727173,1.377728,0.905469,0.278599,0.55,0.65,0.55,0.3,2.5,0.35,66
O0,128,121,128,121,25,,,0.353255,,1.0,,,0.298984,,0.336817,0.55,0.65,0.55,0.3,2.5,0.35,66
O1,124,120,0,0,0,-0.00867,-0.011827,1.359627,0.833333,,,,,,,0.55,0.65,0.55,0.3,2.5,0.35,66
O2,124,120,124,120,25,0.206188,0.198646,1.455026,0.841667,0.475,0.721263,0.752308,2.036026,0.912116,0.253345,0.55,0.65,0.55,0.3,2.5,0.35,66
O3,122,120,122,120,25,0.187157,0.209626,1.470984,0.875,0.466667,0.731651,0.740769,1.798174,0.946283,0.243188,0.55,0.65,0.55,0.3,2.5,0.35,66
ALL,498,481,374,361,75,0.316647,0.431352,1.157845,0.85,0.617729,0.781683,0.727173,1.377728,0.905469,0.278599,0.55,0.65,0.55,0.3,3.5,0.3,67
O0,128,121,128,121,25,,,0.353255,,1.0,,,0.298984,,0.336817,0.55,0.65,0.55,0.3,3.5,0.3,67
O1,124,120,0,0,0,-0.012679,-0.019168,1.358821,0.833333,,,,,,,0.55,0.65,0.55,0.3,3.5,0.3,67
O2,124,120,124,120,25,0.206188,0.198646,1.455026,0.841667,0.475,0.721263,0.752308,2.036026,0.912116,0.253345,0.55,0.65,0.55,0.3,3.5,0.3,67
O3,122,120,122,120,25,0.187157,0.209626,1.470984,0.875,0.466667,0.731651,0.740769,1.798174,0.946283,0.243188,0.55,0.65,0.55,0.3,3.5,0.3,67
ALL,498,481,374,361,75,0.316914,0.431513,1.158728,0.85,0.617729,0.781683,0.727173,1.377728,0.905469,0.278599,0.55,0.65,0.55,0.3,3.5,0.35,68
O0,128,121,128,121,25,,,0.353255,,1.0,,,0.298984,,0.336817,0.55,0.65,0.55,0.3,3.5,0.35,68
O1,124,120,0,0,0,-0.01065,-0.018786,1.36236,0.833333,,,,,,,0.55,0.65,0.55,0.3,3.5,0.35,68
O2,124,120,124,120,25,0.206188,0.198646,1.455026,0.841667,0.475,0.721263,0.752308,2.036026,0.912116,0.253345,0.55,0.65,0.55,0.3,3.5,0.35,68
O3,122,120,122,120,25,0.187157,0.209626,1.470984,0.875,0.466667,0.731651,0.740769,1.798174,0.946283,0.243188,0.55,0.65,0.55,0.3,3.5,0.35,68
ALL,498,481,374,361,75,0.30782,0.431,1.160922,0.85,0.612188,0.79246,0.742972,1.389528,0.889033,0.280959,0.55,0.65,0.55,0.35,2.5,0.3,69
O0,128,121,128,121,25,,,0.362375,,1.0,,,0.299402,,0.345439,0.55,0.65,0.55,0.35,2.5,0.3,69
O1,124,120,0,0,0,-0.010003,-0.015571,1.361837,0.833333,,,,,,,0.55,0.65,0.55,0.35,2.5,0.3,69
O2,124,120,124,120,25,0.181731,0.184957,1.449951,0.841667,0.475,0.730528,0.784615,2.045716,0.88334,0.2593,0.55,0.65,0.55,0.35,2.5,0.3,69
O3,122,120,122,120,25,0.186074,0.209702,1.476179,0.875,0.458333,0.748977,0.75,1.823466,0.948474,0.235321,0.55,0.65,0.55,0.35,2.5,0.3,69
ALL,498,481,374,361,75,0.308119,0.431118,1.161162,0.85,0.612188,0.79246,0.742972,1.389528,0.889033,0.280959,0.55,0.65,0.55,0.35,2.5,0.35,70
O0,128,121,128,121,25,,,0.362375,,1.0,,,0.299402,,0.345439,0.55,0.65,0.55,0.35,2.5,0.35,70
O1,124,120,0,0,0,-0.008539,-0.015571,1.362799,0.833333,,,,,,,0.55,0.65,0.55,0.35,2.5,0.35,70
O2,124,120,124,120,25,0.181731,0.184957,1.449951,0.841667,0.475,0.730528,0.784615,2.045716,0.88334,0.2593,0.55,0.65,0.55,0.35,2.5,0.35,70
O3,122,120,122,120,25,0.186074,0.209702,1.476179,0.875,0.458333,0.748977,0.75,1.823466,0.948474,0.235321,0.55,0.65,0.55,0.35,2.5,0.35,70
ALL,498,481,374,361,75,0.30744,0.429981,1.161604,0.85,0.612188,0.79246,0.742972,1.389528,0.889033,0.280959,0.55,0.65,0.55,0.35,3.5,0.3,71
O0,128,121,128,121,25,,,0.362375,,1.0,,,0.299402,,0.345439,0.55,0.65,0.55,0.35,3.5,0.3,71
O1,124,120,0,0,0,-0.011991,-0.022606,1.36457,0.833333,,,,,,,0.55,0.65,0.55,0.35,3.5,0.3,71
O2,124,120,124,120,25,0.181731,0.184957,1.449951,0.841667,0.475,0.730528,0.784615,2.045716,0.88334,0.2593,0.55,0.65,0.55,0.35,3.5,0.3,71
O3,122,120,122,120,25,0.186074,0.209702,1.476179,0.875,0.458333,0.748977,0.75,1.823466,0.948474,0.235321,0.55,0.65,0.55,0.35,3.5,0.3,71
ALL,498,481,374,361,75,0.307738,0.430099,1.161844,0.85,0.612188,0.79246,0.742972,1.389528,0.889033,0.280959,0.55,0.65,0.55,0.35,3.5,0.35,72
O0,128,121,128,121,25,,,0.362375,,1.0,,,0.299402,,0.345439,0.55,0.65,0.55,0.35,3.5,0.35,72
O1,124,120,0,0,0,-0.010526,-0.022606,1.365532,0.833333,,,,,,,0.55,0.65,0.55,0.35,3.5,0.35,72
O2,124,120,124,120,25,0.181731,0.184957,1.449951,0.841667,0.475,0.730528,0.784615,2.045716,0.88334,0.2593,0.55,0.65,0.55,0.35,3.5,0.35,72
O3,122,120,122,120,25,0.186074,0.209702,1.476179,0.875,0.458333,0.748977,0.75,1.823466,0.948474,0.235321,0.55,0.65,0.55,0.35,3.5,0.35,72
ALL,498,481,374,361,75,0.316765,0.43221,1.154458,0.85,0.614958,0.790915,0.725839,1.352973,0.905407,0.276725,0.55,1.25,0.1,0.25,2.5,0.3,73
O0,128,121,128,121,25,,,0.356291,,1.0,,,0.304933,,0.339799,0.55,1.25,0.1,0.25,2.5,0.3,73
O1,124,120,0,0,0,-0.013036,-0.013244,1.352937,0.833333,,,,,,,0.55,1.25,0.1,0.25,2.5,0.3,73
O2,124,120,124,120,25,0.202999,0.193138,1.448331,0.841667,0.475,0.731979,0.756154,1.990161,0.912677,0.250484,0.55,1.25,0.1,0.25,2.5,0.3,73
O3,122,120,122,120,25,0.187233,0.213154,1.466924,0.875,0.466667,0.742194,0.743846,1.763825,0.946129,0.237221,0.55,1.25,0.1,0.25,2.5,0.3,73
ALL,498,481,374,361,75,0.317043,0.43234,1.155121,0.85,0.614958,0.790915,0.725839,1.352973,0.905407,0.276725,0.55,1.25,0.1,0.25,2.5,0.35,74
O0,128,121,128,121,25,,,0.356291,,1.0,,,0.304933,,0.339799,0.55,1.25,0.1,0.25,2.5,0.35,74
O1,124,120,0,0,0,-0.011184,-0.013244,1.355594,0.833333,,,,,,,0.55,1.25,0.1,0.25,2.5,0.35,74
O2,124,120,124,120,25,0.202999,0.193138,1.448331,0.841667,0.475,0.731979,0.756154,1.990161,0.912677,0.250484,0.55,1.25,0.1,0.25,2.5,0.35,74
O3,122,120,122,120,25,0.187233,0.213154,1.466924,0.875,0.466667,0.742194,0.743846,1.763825,0.946129,0.237221,0.55,1.25,0.1,0.25,2.5,0.35,74
ALL,498,481,374,361,75,0.316626,0.431331,1.154737,0.85,0.614958,0.790915,0.725839,1.352973,0.905407,0.276725,0.55,1.25,0.1,0.25,3.5,0.3,75
O0,128,121,128,121,25,,,0.356291,,1.0,,,0.304933,,0.339799,0.55,1.25,0.1,0.25,3.5,0.3,75
O1,124,120,0,0,0,-0.013877,-0.019668,1.354055,0.833333,,,,,,,0.55,1.25,0.1,0.25,3.5,0.3,75
O2,124,120,124,120,25,0.202999,0.193138,1.448331,0.841667,0.475,0.731979,0.756154,1.990161,0.912677,0.250484,0.55,1.25,0.1,0.25,3.5,0.3,75
O3,122,120,122,120,25,0.187233,0.213154,1.466924,0.875,0.466667,0.742194,0.743846,1.763825,0.946129,0.237221,0.55,1.25,0.1,0.25,3.5,0.3,75
ALL,498,481,374,361,75,0.316904,0.431461,1.1554,0.85,0.614958,0.790915,0.725839,1.352973,0.905407,0.276725,0.55,1.25,0.1,0.25,3.5,0.35,76
O0,128,121,128,121,25,,,0.356291,,1.0,,,0.304933,,0.339799,0.55,1.25,0.1,0.25,3.5,0.35,76
O1,124,120,0,0,0,-0.012023,-0.019668,1.356712,0.833333,,,,,,,0.55,1.25,0.1,0.25,3.5,0.35,76
O2,124,120,124,120,25,0.202999,0.193138,1.448331,0.841667,0.475,0.731979,0.756154,1.990161,0.912677,0.250484,0.55,1.25,0.1,0.25,3.5,0.35,76
O3,122,120,122,120,25,0.187233,0.213154,1.466924,0.875,0.466667,0.742194,0.743846,1.763825,0.946129,0.237221,0.55,1.25,0.1,0.25,3.5,0.35,76
ALL,498,481,374,361,75,0.316501,0.431776,1.159221,0.85,0.614958,0.781145,0.723143,1.375945,0.906199,0.276527,0.55,1.25,0.1,0.3,2.5,0.3,77
O0,128,121,128,121,25,,,0.356836,,1.0,,,0.307569,,0.34009,0.55,1.25,0.1,0.3,2.5,0.3,77
O1,124,120,0,0,0,-0.010308,-0.010869,1.35767,0.833333,,,,,,,0.55,1.25,0.1,0.3,2.5,0.3,77
O2,124,120,124,120,25,0.205136,0.192423,1.456074,0.841667,0.475,0.721019,0.749231,2.02733,0.91357,0.249169,0.55,1.25,0.1,0.3,2.5,0.3,77
O3,122,120,122,120,25,0.186401,0.210577,1.472989,0.875,0.466667,0.732208,0.740769,1.792937,0.947999,0.237643,0.55,1.25,0.1,0.3,2.5,0.3,77
ALL,498,481,374,361,75,0.316768,0.431928,1.160089,0.85,0.614958,0.781145,0.723143,1.375945,0.906199,0.276527,0.55,1.25,0.1,0.3,2.5,0.35,78
O0,128,121,128,121,25,,,0.356836,,1.0,,,0.307569,,0.34009,0.55,1.25,0.1,0.3,2.5,0.35,78
O1,124,120,0,0,0,-0.008296,-0.010487,1.36115,0.833333,,,,,,,0.55,1.25,0.1,0.3,2.5,0.35,78
O2,124,120,124,120,25,0.205136,0.192423,1.456074,0.841667,0.475,0.721019,0.749231,2.02733,0.91357,0.249169,0.55,1.25,0.1,0.3,2.5,0.35,78
O3,122,120,122,120,25,0.186401,0.210577,1.472989,0.875,0.466667,0.732208,0.740769,1.792937,0.947999,0.237643,0.55,1.25,0.1,0.3,2.5,0.35,78
ALL,498,481,374,361,75,0.316362,0.430897,1.1595,0.85,0.614958,0.781145,0.723143,1.375945,0.906199,0.276527,0.55,1.25,0.1,0.3,3.5,0.3,79
O0,128,121,128,121,25,,,0.356836,,1.0,,,0.307569,,0.34009,0.55,1.25,0.1,0.3,3.5,0.3,79
O1,124,120,0,0,0,-0.011143,-0.017085,1.358788,0.833333,,,,,,,0.55,1.25,0.1,0.3,3.5,0.3,79
O2,124,120,124,120,25,0.205136,0.192423,1.456074,0.841667,0.475,0.721019,0.749231,2.02733,0.91357,0.249169,0.55,1.25,0.1,0.3,3.5,0.3,79
O3,122,120,122,120,25,0.186401,0.210577,1.472989,0.875,0.466667,0.732208,0.740769,1.792937,0.947999,0.237643,0.55,1.25,0.1,0.3,3.5,0.3,79
ALL,498,481,374,361,75,0.316629,0.431049,1.160368,0.85,0.614958,0.781145,0.723143,1.375945,0.906199,0.276527,0.55,1.25,0.1,0.3,3.5,0.35,80
O0,128,121,128,121,25,,,0.356836,,1.0,,,0.307569,,0.34009,0.55,1.25,0.1,0.3,3.5,0.35,80
O1,124,120,0,0,0,-0.009128,-0.016703,1.362268,0.833333,,,,,,,0.55,1.25,0.1,0.3,3.5,0.35,80
O2,124,120,124,120,25,0.205136,0.192423,1.456074,0.841667,0.475,0.721019,0.749231,2.02733,0.91357,0.249169,0.55,1.25,0.1,0.3,3.5,0.35,80
O3,122,120,122,120,25,0.186401,0.210577,1.472989,0.875,0.466667,0.732208,0.740769,1.792937,0.947999,0.237643,0.55,1.25,0.1,0.3,3.5,0.35,80
ALL,498,481,374,361,75,0.307334,0.4308,1.162982,0.85,0.609418,0.792196,0.738305,1.388388,0.889774,0.278809,0.55,1.25,0.1,0.35,2.5,0.3,81
O0,128,121,128,121,25,,,0.365972,,1.0,,,0.307987,,0.348727,0.55,1.25,0.1,0.35,2.5,0.3,81
O1,124,120,0,0,0,-0.009376,-0.013341,1.363219,0.833333,,,,,,,0.55,1.25,0.1,0.35,2.5,0.3,81
O2,124,120,124,120,25,0.180489,0.179387,1.451238,0.841667,0.475,0.730638,0.778462,2.03736,0.884811,0.254888,0.55,1.25,0.1,0.35,2.5,0.3,81
O3,122,120,122,120,25,0.18548,0.211695,1.47814,0.875,0.466667,0.749626,0.75,1.819818,0.950202,0.229766,0.55,1.25,0.1,0.35,2.5,0.3,81
ALL,498,481,374,361,75,0.307633,0.430919,1.163222,0.85,0.609418,0.792196,0.738305,1.388388,0.889774,0.278809,0.55,1.25,0.1,0.35,2.5,0.35,82
O0,128,121,128,121,25,,,0.365972,,1.0,,,0.307987,,0.348727,0.55,1.25,0.1,0.35,2.5,0.35,82
O1,124,120,0,0,0,-0.007911,-0.013341,1.36418,0.833333,,,,,,,0.55,1.25,0.1,0.35,2.5,0.35,82
O2,124,120,124,120,25,0.180489,0.179387,1.451238,0.841667,0.475,0.730638,0.778462,2.03736,0.884811,0.254888,0.55,1.25,0.1,0.35,2.5,0.35,82
O3,122,120,122,120,25,0.18548,0.211695,1.47814,0.875,0.466667,0.749626,0.75,1.819818,0.950202,0.229766,0.55,1.25,0.1,0.35,2.5,0.35,82
ALL,498,481,374,361,75,0.307196,0.429841,1.163261,0.85,0.609418,0.792196,0.738305,1.388388,0.889774,0.278809,0.55,1.25,0.1,0.35,3.5,0.3,83
O0,128,121,128,121,25,,,0.365972,,1.0,,,0.307987,,0.348727,0.55,1.25,0.1,0.35,3.5,0.3,83
O1,124,120,0,0,0,-0.010211,-0.019856,1.364337,0.833333,,,,,,,0.55,1.25,0.1,0.35,3.5,0.3,83
O2,124,120,124,120,25,0.180489,0.179387,1.451238,0.841667,0.475,0.730638,0.778462,2.03736,0.884811,0.254888,0.55,1.25,0.1,0.35,3.5,0.3,83
O3,122,120,122,120,25,0.18548,0.211695,1.47814,0.875,0.466667,0.749626,0.75,1.819818,0.950202,0.229766,0.55,1.25,0.1,0.35,3.5,0.3,83
ALL,498,481,374,361,75,0.307495,0.429959,1.163501,0.85,0.609418,0.792196,0.738305,1.388388,0.889774,0.278809,0.55,1.25,0.1,0.35,3.5,0.35,84
O0,128,121,128,121,25,,,0.365972,,1.0,,,0.307987,,0.348727,0.55,1.25,0.1,0.35,3.5,0.35,84
O1,124,120,0,0,0,-0.008745,-0.019856,1.365298,0.833333,,,,,,,0.55,1.25,0.1,0.35,3.5,0.35,84
O2,124,120,124,120,25,0.180489,0.179387,1.451238,0.841667,0.475,0.730638,0.778462,2.03736,0.884811,0.254888,0.55,1.25,0.1,0.35,3.5,0.35,84
O3,122,120,122,120,25,0.18548,0.211695,1.47814,0.875,0.466667,0.749626,0.75,1.819818,0.950202,0.229766,0.55,1.25,0.1,0.35,3.5,0.35,84
ALL,498,481,374,361,75,0.317491,0.433154,1.152038,0.85,0.614958,0.790916,0.725839,1.352974,0.904391,0.280252,0.55,1.25,0.55,0.25,2.5,0.3,85
O0,128,121,128,121,25,,,0.356059,,1.0,,,0.304933,,0.33958,0.55,1.25,0.55,0.25,2.5,0.3,85
O1,124,120,0,0,0,-0.01269,-0.012758,1.352349,0.833333,,,,,,,0.55,1.25,0.55,0.25,2.5,0.3,85
O2,124,120,124,120,25,0.204928,0.199535,1.443409,0.841667,0.475,0.731979,0.756154,1.990158,0.911169,0.256093,0.55,1.25,0.55,0.25,2.5,0.3,85
O3,122,120,122,120,25,0.188885,0.215154,1.462969,0.875,0.466667,0.742193,0.743846,1.763831,0.944533,0.242562,0.55,1.25,0.55,0.25,2.5,0.3,85
ALL,498,481,374,361,75,0.317769,0.433284,1.152701,0.85,0.614958,0.790916,0.725839,1.352974,0.904391,0.280252,0.55,1.25,0.55,0.25,2.5,0.35,86
O0,128,121,128,121,25,,,0.356059,,1.0,,,0.304933,,0.33958,0.55,1.25,0.55,0.25,2.5,0.35,86
O1,124,120,0,0,0,-0.010839,-0.012758,1.355006,0.833333,,,,,,,0.55,1.25,0.55,0.25,2.5,0.35,86
O2,124,120,124,120,25,0.204928,0.199535,1.443409,0.841667,0.475,0.731979,0.756154,1.990158,0.911169,0.256093,0.55,1.25,0.55,0.25,2.5,0.35,86
O3,122,120,122,120,25,0.188885,0.215154,1.462969,0.875,0.466667,0.742193,0.743846,1.763831,0.944533,0.242562,0.55,1.25,0.55,0.25,2.5,0.35,86
ALL,498,481,374,361,75,0.317355,0.432377,1.152312,0.85,0.614958,0.790916,0.725839,1.352974,0.904391,0.280252,0.55,1.25,0.55,0.25,3.5,0.3,87
O0,128,121,128,121,25,,,0.356059,,1.0,,,0.304933,,0.33958,0.55,1.25,0.55,0.25,3.5,0.3,87
O1,124,120,0,0,0,-0.013515,-0.017855,1.353445,0.833333,,,,,,,0.55,1.25,0.55,0.25,3.5,0.3,87
O2,124,120,124,120,25,0.204928,0.199535,1.443409,0.841667,0.475,0.731979,0.756154,1.990158,0.911169,0.256093,0.55,1.25,0.55,0.25,3.5,0.3,87
O3,122,120,122,120,25,0.188885,0.215154,1.462969,0.875,0.466667,0.742193,0.743846,1.763831,0.944533,0.242562,0.55,1.25,0.55,0.25,3.5,0.3,87
ALL,498,481,374,361,75,0.317633,0.432507,1.152975,0.85,0.614958,0.790916,0.725839,1.352974,0.904391,0.280252,0.55,1.25,0.55,0.25,3.5,0.35,88
O0,128,121,128,121,25,,,0.356059,,1.0,,,0.304933,,0.33958,0.55,1.25,0.55,0.25,3.5,0.35,88
O1,124,120,0,0,0,-0.011662,-0.017855,1.356102,0.833333,,,,,,,0.55,1.25,0.55,0.25,3.5,0.35,88
O2,124,120,124,120,25,0.204928,0.199535,1.443409,0.841667,0.475,0.731979,0.756154,1.990158,0.911169,0.256093,0.55,1.25,0.55,0.25,3.5,0.35,88
O3,122,120,122,120,25,0.188885,0.215154,1.462969,0.875,0.466667,0.742193,0.743846,1.763831,0.944533,0.242562,0.55,1.25,0.55,0.25,3.5,0.35,88
ALL,498,481,374,361,75,0.317225,0.432726,1.156799,0.85,0.614958,0.781145,0.723143,1.375945,0.905187,0.280053,0.55,1.25,0.55,0.3,2.5,0.3,89
O0,128,121,128,121,25,,,0.356604,,1.0,,,0.307569,,0.339871,0.55,1.25,0.55,0.3,2.5,0.3,89
O1,124,120,0,0,0,-0.009962,-0.010383,1.357074,0.833333,,,,,,,0.55,1.25,0.55,0.3,2.5,0.3,89
O2,124,120,124,120,25,0.207049,0.198917,1.451153,0.841667,0.475,0.721019,0.749231,2.02733,0.912088,0.254778,0.55,1.25,0.55,0.3,2.5,0.3,89
O3,122,120,122,120,25,0.188048,0.21239,1.469033,0.875,0.466667,0.732208,0.740769,1.792937,0.946409,0.242982,0.55,1.25,0.55,0.3,2.5,0.3,89
ALL,498,481,374,361,75,0.317491,0.432878,1.157667,0.85,0.614958,0.781145,0.723143,1.375945,0.905187,0.280053,0.55,1.25,0.55,0.3,2.5,0.35,90
O0,128,121,128,121,25,,,0.356604,,1.0,,,0.307569,,0.339871,0.55,1.25,0.55,0.3,2.5,0.35,90
O1,124,120,0,0,0,-0.007952,-0.010001,1.360554,0.833333,,,,,,,0.55,1.25,0.55,0.3,2.5,0.35,90
O2,124,120,124,120,25,0.207049,0.198917,1.451153,0.841667,0.475,0.721019,0.749231,2.02733,0.912088,0.254778,0.55,1.25,0.55,0.3,2.5,0.35,90
O3,122,120,122,120,25,0.188048,0.21239,1.469033,0.875,0.466667,0.732208,0.740769,1.792937,0.946409,0.242982,0.55,1.25,0.55,0.3,2.5,0.35,90
ALL,498,481,374,361,75,0.317089,0.431948,1.157073,0.85,0.614958,0.781145,0.723143,1.375945,0.905187,0.280053,0.55,1.25,0.55,0.3,3.5,0.3,91
O0,128,121,128,121,25,,,0.356604,,1.0,,,0.307569,,0.339871,0.55,1.25,0.55,0.3,3.5,0.3,91
O1,124,120,0,0,0,-0.010781,-0.015272,1.358171,0.833333,,,,,,,0.55,1.25,0.55,0.3,3.5,0.3,91
O2,124,120,124,120,25,0.207049,0.198917,1.451153,0.841667,0.475,0.721019,0.749231,2.02733,0.912088,0.254778,0.55,1.25,0.55,0.3,3.5,0.3,91
O3,122,120,122,120,25,0.188048,0.21239,1.469033,0.875,0.466667,0.732208,0.740769,1.792937,0.946409,0.242982,0.55,1.25,0.55,0.3,3.5,0.3,91
ALL,498,481,374,361,75,0.317355,0.432101,1.157941,0.85,0.614958,0.781145,0.723143,1.375945,0.905187,0.280053,0.55,1.25,0.55,0.3,3.5,0.35,92
O0,128,121,128,121,25,,,0.356604,,1.0,,,0.307569,,0.339871,0.55,1.25,0.55,0.3,3.5,0.35,92
O1,124,120,0,0,0,-0.008767,-0.01489,1.361651,0.833333,,,,,,,0.55,1.25,0.55,0.3,3.5,0.35,92
O2,124,120,124,120,25,0.207049,0.198917,1.451153,0.841667,0.475,0.721019,0.749231,2.02733,0.912088,0.254778,0.55,1.25,0.55,0.3,3.5,0.35,92
O3,122,120,122,120,25,0.188048,0.21239,1.469033,0.875,0.466667,0.732208,0.740769,1.792937,0.946409,0.242982,0.55,1.25,0.55,0.3,3.5,0.35,92
ALL,498,481,374,361,75,0.30806,0.431708,1.160522,0.85,0.609418,0.792196,0.738305,1.388388,0.888748,0.282332,0.55,1.25,0.55,0.35,2.5,0.3,93
O0,128,121,128,121,25,,,0.365732,,1.0,,,0.307987,,0.3485,0.55,1.25,0.55,0.35,2.5,0.3,93
O1,124,120,0,0,0,-0.009204,-0.013529,1.3625,0.833333,,,,,,,0.55,1.25,0.55,0.35,2.5,0.3,93
O2,124,120,124,120,25,0.182438,0.185527,1.446274,0.841667,0.475,0.730638,0.778462,2.03736,0.883331,0.260476,0.55,1.25,0.55,0.35,2.5,0.3,93
O3,122,120,122,120,25,0.187118,0.213508,1.474204,0.875,0.466667,0.749626,0.75,1.819818,0.948592,0.235125,0.55,1.25,0.55,0.35,2.5,0.3,93
ALL,498,481,374,361,75,0.308359,0.431827,1.160762,0.85,0.609418,0.792196,0.738305,1.388388,0.888748,0.282332,0.55,1.25,0.55,0.35,2.5,0.35,94
O0,128,121,128,121,25,,,0.365732,,1.0,,,0.307987,,0.3485,0.55,1.25,0.55,0.35,2.5,0.35,94
O1,124,120,0,0,0,-0.007738,-0.013529,1.363461,0.833333,,,,,,,0.55,1.25,0.55,0.35,2.5,0.35,94
O2,124,120,124,120,25,0.182438,0.185527,1.446274,0.841667,0.475,0.730638,0.778462,2.03736,0.883331,0.260476,0.55,1.25,0.55,0.35,2.5,0.35,94
O3,122,120,122,120,25,0.187118,0.213508,1.474204,0.875,0.466667,0.749626,0.75,1.819818,0.948592,0.235125,0.55,1.25,0.55,0.35,2.5,0.35,94
ALL,498,481,374,361,75,0.307924,0.43085,1.160796,0.85,0.609418,0.792196,0.738305,1.388388,0.888748,0.282332,0.55,1.25,0.55,0.35,3.5,0.3,95
O0,128,121,128,121,25,,,0.365732,,1.0,,,0.307987,,0.3485,0.55,1.25,0.55,0.35,3.5,0.3,95
O1,124,120,0,0,0,-0.010024,-0.018717,1.363597,0.833333,,,,,,,0.55,1.25,0.55,0.35,3.5,0.3,95
O2,124,120,124,120,25,0.182438,0.185527,1.446274,0.841667,0.475,0.730638,0.778462,2.03736,0.883331,0.260476,0.55,1.25,0.55,0.35,3.5,0.3,95
O3,122,120,122,120,25,0.187118,0.213508,1.474204,0.875,0.466667,0.749626,0.75,1.819818,0.948592,0.235125,0.55,1.25,0.55,0.35,3.5,0.3,95
ALL,498,481,374,361,75,0.308223,0.430968,1.161035,0.85,0.609418,0.792196,0.738305,1.388388,0.888748,0.282332,0.55,1.25,0.55,0.35,3.5,0.35,96
O0,128,121,128,121,25,,,0.365732,,1.0,,,0.307987,,0.3485,0.55,1.25,0.55,0.35,3.5,0.35,96
O1,124,120,0,0,0,-0.008557,-0.018717,1.364558,0.833333,,,,,,,0.55,1.25,0.55,0.35,3.5,0.35,96
O2,124,120,124,120,25,0.182438,0.185527,1.446274,0.841667,0.475,0.730638,0.778462,2.03736,0.883331,0.260476,0.55,1.25,0.55,0.35,3.5,0.35,96
O3,122,120,122,120,25,0.187118,0.213508,1.474204,0.875,0.466667,0.749626,0.75,1.819818,0.948592,0.235125,0.55,1.25,0.55,0.35,3.5,0.35,96
ALL,498,481,374,361,75,0.316562,0.431456,1.154827,0.85,0.617729,0.791556,0.729028,1.354983,0.905746,0.274559,0.6,0.65,0.1,0.25,2.5,0.3,97
O0,128,121,128,121,25,,,0.352443,,1.0,,,0.296346,,0.336293,0.6,0.65,0.1,0.25,2.5,0.3,97
O1,124,120,0,0,0,-0.014407,-0.015619,1.352464,0.833333,,,,,,,0.6,0.65,0.1,0.25,2.5,0.3,97
O2,124,120,124,120,25,0.20247,0.193562,1.452194,0.841667,0.475,0.73205,0.759231,1.999899,0.912787,0.248845,0.6,0.65,0.1,0.25,2.5,0.3,97
O3,122,120,122,120,25,0.186504,0.208452,1.468894,0.875,0.466667,0.742408,0.74,1.768704,0.946091,0.235924,0.6,0.65,0.1,0.25,2.5,0.3,97
ALL,498,481,374,361,75,0.31684,0.431607,1.155497,0.85,0.617729,0.791556,0.729028,1.354983,0.905746,0.274559,0.6,0.65,0.1,0.25,2.5,0.35,98
O0,128,121,128,121,25,,,0.352443,,1.0,,,0.296346,,0.336293,0.6,0.65,0.1,0.25,2.5,0.35,98
O1,124,120,0,0,0,-0.012549,-0.015265,1.35515,0.833333,,,,,,,0.6,0.65,0.1,0.25,2.5,0.35,98
O2,124,120,124,120,25,0.20247,0.193562,1.452194,0.841667,0.475,0.73205,0.759231,1.999899,0.912787,0.248845,0.6,0.65,0.1,0.25,2.5,0.35,98
O3,122,120,122,120,25,0.186504,0.208452,1.468894,0.875,0.466667,0.742408,0.74,1.768704,0.946091,0.235924,0.6,0.65,0.1,0.25,2.5,0.35,98
ALL,498,481,374,361,75,0.316176,0.430434,1.155512,0.85,0.617729,0.791556,0.729028,1.354983,0.905746,0.274559,0.6,0.65,0.1,0.25,3.5,0.3,99
O0,128,121,128,121,25,,,0.352443,,1.0,,,0.296346,,0.336293,0.6,0.65,0.1,0.25,3.5,0.3,99
O1,124,120,0,0,0,-0.016417,-0.023877,1.355212,0.833333,,,,,,,0.6,0.65,0.1,0.25,3.5,0.3,99
O2,124,120,124,120,25,0.20247,0.193562,1.452194,0.841667,0.475,0.73205,0.759231,1.999899,0.912787,0.248845,0.6,0.65,0.1,0.25,3.5,0.3,99
O3,122,120,122,120,25,0.186504,0.208452,1.468894,0.875,0.466667,0.742408,0.74,1.768704,0.946091,0.235924,0.6,0.65,0.1,0.25,3.5,0.3,99
ALL,498,481,374,361,75,0.316454,0.430585,1.156183,0.85,0.617729,0.791556,0.729028,1.354983,0.905746,0.274559,0.6,0.65,0.1,0.25,3.5,0.35,100
O0,128,121,128,121,25,,,0.352443,,1.0,,,0.296346,,0.336293,0.6,0.65,0.1,0.25,3.5,0.35,100
O1,124,120,0,0,0,-0.014555,-0.023522,1.357898,0.833333,,,,,,,0.6,0.65,0.1,0.25,3.5,0.35,100
O2,124,120,124,120,25,0.20247,0.193562,1.452194,0.841667,0.475,0.73205,0.759231,1.999899,0.912787,0.248845,0.6,0.65,0.1,0.25,3.5,0.35,100
O3,122,120,122,120,25,0.186504,0.208452,1.468894,0.875,0.466667,0.742408,0.74,1.768704,0.946091,0.235924,0.6,0.65,0.1,0.25,3.5,0.35,100
ALL,498,481,374,361,75,0.316239,0.431407,1.159434,0.85,0.617729,0.781683,0.727173,1.377728,0.906492,0.274893,0.6,0.65,0.1,0.3,2.5,0.3,101
O0,128,121,128,121,25,,,0.352988,,1.0,,,0.298984,,0.336565,0.6,0.65,0.1,0.3,2.5,0.3,101
O1,124,120,0,0,0,-0.011769,-0.011737,1.356715,0.833333,,,,,,,0.6,0.65,0.1,0.3,2.5,0.3,101
O2,124,120,124,120,25,0.204534,0.192847,1.45972,0.841667,0.475,0.721263,0.752308,2.036026,0.913598,0.247931,0.6,0.65,0.1,0.3,2.5,0.3,101
O3,122,120,122,120,25,0.185526,0.207806,1.475033,0.875,0.466667,0.731651,0.740769,1.798174,0.947866,0.237592,0.6,0.65,0.1,0.3,2.5,0.3,101
ALL,498,481,374,361,75,0.316506,0.431568,1.160317,0.85,0.617729,0.781683,0.727173,1.377728,0.906492,0.274893,0.6,0.65,0.1,0.3,2.5,0.35,102
O0,128,121,128,121,25,,,0.352988,,1.0,,,0.298984,,0.336565,0.6,0.65,0.1,0.3,2.5,0.35,102
O1,124,120,0,0,0,-0.009742,-0.011355,1.360254,0.833333,,,,,,,0.6,0.65,0.1,0.3,2.5,0.35,102
O2,124,120,124,120,25,0.204534,0.192847,1.45972,0.841667,0.475,0.721263,0.752308,2.036026,0.913598,0.247931,0.6,0.65,0.1,0.3,2.5,0.35,102
O3,122,120,122,120,25,0.185526,0.207806,1.475033,0.875,0.466667,0.731651,0.740769,1.798174,0.947866,0.237592,0.6,0.65,0.1,0.3,2.5,0.35,102
ALL,498,481,374,361,75,0.315855,0.430379,1.160119,0.85,0.617729,0.781683,0.727173,1.377728,0.906492,0.274893,0.6,0.65,0.1,0.3,3.5,0.3,103
O0,128,121,128,121,25,,,0.352988,,1.0,,,0.298984,,0.336565,0.6,0.65,0.1,0.3,3.5,0.3,103
O1,124,120,0,0,0,-0.013766,-0.019911,1.359462,0.833333,,,,,,,0.6,0.65,0.1,0.3,3.5,0.3,103
O2,124,120,124,120,25,0.204534,0.192847,1.45972,0.841667,0.475,0.721263,0.752308,2.036026,0.913598,0.247931,0.6,0.65,0.1,0.3,3.5,0.3,103
O3,122,120,122,120,25,0.185526,0.207806,1.475033,0.875,0.466667,0.731651,0.740769,1.798174,0.947866,0.237592,0.6,0.65,0.1,0.3,3.5,0.3,103
ALL,498,481,374,361,75,0.316122,0.43054,1.161002,0.85,0.617729,0.781683,0.727173,1.377728,0.906492,0.274893,0.6,0.65,0.1,0.3,3.5,0.35,104
O0,128,121,128,121,25,,,0.352988,,1.0,,,0.298984,,0.336565,0.6,0.65,0.1,0.3,3.5,0.35,104
O1,124,120,0,0,0,-0.011734,-0.019529,1.363001,0.833333,,,,,,,0.6,0.65,0.1,0.3,3.5,0.35,104
O2,124,120,124,120,25,0.204534,0.192847,1.45972,0.841667,0.475,0.721263,0.752308,2.036026,0.913598,0.247931,0.6,0.65,0.1,0.3,3.5,0.35,104
O3,122,120,122,120,25,0.185526,0.207806,1.475033,0.875,0.466667,0.731651,0.740769,1.798174,0.947866,0.237592,0.6,0.65,0.1,0.3,3.5,0.35,104
ALL,498,481,374,361,75,0.307027,0.430265,1.163233,0.85,0.612188,0.79246,0.742972,1.389528,0.890073,0.277265,0.6,0.65,0.1,0.35,2.5,0.3,105
O0,128,121,128,121,25,,,0.362117,,1.0,,,0.299402,,0.345194,0.6,0.65,0.1,0.35,2.5,0.3,105
O1,124,120,0,0,0,-0.010911,-0.015098,1.36259,0.833333,,,,,,,0.6,0.65,0.1,0.35,2.5,0.3,105
O2,124,120,124,120,25,0.180054,0.179582,1.454679,0.841667,0.475,0.730528,0.784615,2.045716,0.884824,0.253919,0.6,0.65,0.1,0.35,2.5,0.3,105
O3,122,120,122,120,25,0.184439,0.207716,1.480225,0.875,0.458333,0.748977,0.75,1.823466,0.950075,0.229723,0.6,0.65,0.1,0.35,2.5,0.3,105
ALL,498,481,374,361,75,0.307326,0.430383,1.163473,0.85,0.612188,0.79246,0.742972,1.389528,0.890073,0.277265,0.6,0.65,0.1,0.35,2.5,0.35,106
O0,128,121,128,121,25,,,0.362117,,1.0,,,0.299402,,0.345194,0.6,0.65,0.1,0.35,2.5,0.35,106
O1,124,120,0,0,0,-0.009447,-0.015098,1.363551,0.833333,,,,,,,0.6,0.65,0.1,0.35,2.5,0.35,106
O2,124,120,124,120,25,0.180054,0.179582,1.454679,0.841667,0.475,0.730528,0.784615,2.045716,0.884824,0.253919,0.6,0.65,0.1,0.35,2.5,0.35,106
O3,122,120,122,120,25,0.184439,0.207716,1.480225,0.875,0.458333,0.748977,0.75,1.823466,0.950075,0.229723,0.6,0.65,0.1,0.35,2.5,0.35,106
ALL,498,481,374,361,75,0.306645,0.429144,1.163919,0.85,0.612188,0.79246,0.742972,1.389528,0.890073,0.277265,0.6,0.65,0.1,0.35,3.5,0.3,107
O0,128,121,128,121,25,,,0.362117,,1.0,,,0.299402,,0.345194,0.6,0.65,0.1,0.35,3.5,0.3,107
O1,124,120,0,0,0,-0.012909,-0.023349,1.365338,0.833333,,,,,,,0.6,0.65,0.1,0.35,3.5,0.3,107
O2,124,120,124,120,25,0.180054,0.179582,1.454679,0.841667,0.475,0.730528,0.784615,2.045716,0.884824,0.253919,0.6,0.65,0.1,0.35,3.5,0.3,107
O3,122,120,122,120,25,0.184439,0.207716,1.480225,0.875,0.458333,0.748977,0.75,1.823466,0.950075,0.229723,0.6,0.65,0.1,0.35,3.5,0.3,107
ALL,498,481,374,361,75,0.306944,0.429262,1.164159,0.85,0.612188,0.79246,0.742972,1.389528,0.890073,0.277265,0.6,0.65,0.1,0.35,3.5,0.35,108
O0,128,121,128,121,25,,,0.362117,,1.0,,,0.299402,,0.345194,0.6,0.65,0.1,0.35,3.5,0.35,108
O1,124,120,0,0,0,-0.011445,-0.023349,1.366299,0.833333,,,,,,,0.6,0.65,0.1,0.35,3.5,0.35,108
O2,124,120,124,120,25,0.180054,0.179582,1.454679,0.841667,0.475,0.730528,0.784615,2.045716,0.884824,0.253919,0.6,0.65,0.1,0.35,3.5,0.35,108
O3,122,120,122,120,25,0.184439,0.207716,1.480225,0.875,0.458333,0.748977,0.75,1.823466,0.950075,0.229723,0.6,0.65,0.1,0.35,3.5,0.35,108
ALL,498,481,374,361,75,0.317286,0.432324,1.152422,0.85,0.617729,0.791557,0.729028,1.354984,0.904746,0.277897,0.6,0.65,0.55,0.25,2.5,0.3,109
O0,128,121,128,121,25,,,0.352213,,1.0,,,0.296346,,0.336075,0.6,0.65,0.55,0.25,2.5,0.3,109
O1,124,120,0,0,0,-0.014036,-0.015598,1.351856,0.833333,,,,,,,0.6,0.65,0.55,0.25,2.5,0.3,109
O2,124,120,124,120,25,0.204378,0.19975,1.447262,0.841667,0.475,0.732051,0.759231,1.999896,0.911306,0.253949,0.6,0.65,0.55,0.25,2.5,0.3,109
O3,122,120,122,120,25,0.188121,0.211022,1.465025,0.875,0.466667,0.742408,0.74,1.768711,0.944511,0.241197,0.6,0.65,0.55,0.25,2.5,0.3,109
ALL,498,481,374,361,75,0.317563,0.43247,1.153092,0.85,0.617729,0.791557,0.729028,1.354984,0.904746,0.277897,0.6,0.65,0.55,0.25,2.5,0.35,110
O0,128,121,128,121,25,,,0.352213,,1.0,,,0.296346,,0.336075,0.6,0.65,0.55,0.25,2.5,0.35,110
O1,124,120,0,0,0,-0.012179,-0.015244,1.354542,0.833333,,,,,,,0.6,0.65,0.55,0.25,2.5,0.35,110
O2,124,120,124,120,25,0.204378,0.19975,1.447262,0.841667,0.475,0.732051,0.759231,1.999896,0.911306,0.253949,0.6,0.65,0.55,0.25,2.5,0.35,110
O3,122,120,122,120,25,0.188121,0.211022,1.465025,0.875,0.466667,0.742408,0.74,1.768711,0.944511,0.241197,0.6,0.65,0.55,0.25,2.5,0.35,110
ALL,498,481,374,361,75,0.316902,0.431326,1.153103,0.85,0.617729,0.791557,0.729028,1.354984,0.904746,0.277897,0.6,0.65,0.55,0.25,3.5,0.3,111
O0,128,121,128,121,25,,,0.352213,,1.0,,,0.296346,,0.336075,0.6,0.65,0.55,0.25,3.5,0.3,111
O1,124,120,0,0,0,-0.016034,-0.023856,1.354589,0.833333,,,,,,,0.6,0.65,0.55,0.25,3.5,0.3,111
O2,124,120,124,120,25,0.204378,0.19975,1.447262,0.841667,0.475,0.732051,0.759231,1.999896,0.911306,0.253949,0.6,0.65,0.55,0.25,3.5,0.3,111
O3,122,120,122,120,25,0.188121,0.211022,1.465025,0.875,0.466667,0.742408,0.74,1.768711,0.944511,0.241197,0.6,0.65,0.55,0.25,3.5,0.3,111
ALL,498,481,374,361,75,0.317179,0.431472,1.153774,0.85,0.617729,0.791557,0.729028,1.354984,0.904746,0.277897,0.6,0.65,0.55,0.25,3.5,0.35,112
O0,128,121,128,121,25,,,0.352213,,1.0,,,0.296346,,0.336075,0.6,0.65,0.55,0.25,3.5,0.35,112
O1,124,120,0,0,0,-0.014173,-0.023502,1.357275,0.833333,,,,,,,0.6,0.65,0.55,0.25,3.5,0.35,112
O2,124,120,124,120,25,0.204378,0.19975,1.447262,0.841667,0.475,0.732051,0.759231,1.999896,0.911306,0.253949,0.6,0.65,0.55,0.25,3.5,0.35,112
O3,122,120,122,120,25,0.188121,0.211022,1.465025,0.875,0.466667,0.742408,0.74,1.768711,0.944511,0.241197,0.6,0.65,0.55,0.25,3.5,0.35,112
ALL,498,481,374,361,75,0.316961,0.4322,1.157027,0.85,0.617729,0.781683,0.727173,1.377728,0.905496,0.27823,0.6,0.65,0.55,0.3,2.5,0.3,113
O0,128,121,128,121,25,,,0.352758,,1.0,,,0.298984,,0.336347,0.6,0.65,0.55,0.3,2.5,0.3,113
O1,124,120,0,0,0,-0.011399,-0.011716,1.356102,0.833333,,,,,,,0.6,0.65,0.55,0.3,2.5,0.3,113
O2,124,120,124,120,25,0.206428,0.199132,1.454789,0.841667,0.475,0.721263,0.752308,2.036026,0.912141,0.253035,0.6,0.65,0.55,0.3,2.5,0.3,113
O3,122,120,122,120,25,0.187135,0.210133,1.471163,0.875,0.466667,0.731651,0.740769,1.798174,0.946293,0.242863,0.6,0.65,0.55,0.3,2.5,0.3,113
ALL,498,481,374,361,75,0.317227,0.432361,1.15791,0.85,0.617729,0.781683,0.727173,1.377728,0.905496,0.27823,0.6,0.65,0.55,0.3,2.5,0.35,114
O0,128,121,128,121,25,,,0.352758,,1.0,,,0.298984,,0.336347,0.6,0.65,0.55,0.3,2.5,0.35,114
O1,124,120,0,0,0,-0.009374,-0.011334,1.359641,0.833333,,,,,,,0.6,0.65,0.55,0.3,2.5,0.35,114
O2,124,120,124,120,25,0.206428,0.199132,1.454789,0.841667,0.475,0.721263,0.752308,2.036026,0.912141,0.253035,0.6,0.65,0.55,0.3,2.5,0.35,114
O3,122,120,122,120,25,0.187135,0.210133,1.471163,0.875,0.466667,0.731651,0.740769,1.798174,0.946293,0.242863,0.6,0.65,0.55,0.3,2.5,0.35,114
ALL,498,481,374,361,75,0.316578,0.431195,1.157709,0.85,0.617729,0.781683,0.727173,1.377728,0.905496,0.27823,0.6,0.65,0.55,0.3,3.5,0.3,115
O0,128,121,128,121,25,,,0.352758,,1.0,,,0.298984,,0.336347,0.6,0.65,0.55,0.3,3.5,0.3,115
O1,124,120,0,0,0,-0.013384,-0.01989,1.358834,0.833333,,,,,,,0.6,0.65,0.55,0.3,3.5,0.3,115
O2,124,120,124,120,25,0.206428,0.199132,1.454789,0.841667,0.475,0.721263,0.752308,2.036026,0.912141,0.253035,0.6,0.65,0.55,0.3,3.5,0.3,115
O3,122,120,122,120,25,0.187135,0.210133,1.471163,0.875,0.466667,0.731651,0.740769,1.798174,0.946293,0.242863,0.6,0.65,0.55,0.3,3.5,0.3,115
ALL,498,481,374,361,75,0.316844,0.431356,1.158592,0.85,0.617729,0.781683,0.727173,1.377728,0.905496,0.27823,0.6,0.65,0.55,0.3,3.5,0.35,116
O0,128,121,128,121,25,,,0.352758,,1.0,,,0.298984,,0.336347,0.6,0.65,0.55,0.3,3.5,0.35,116
O1,124,120,0,0,0,-0.011353,-0.019508,1.362374,0.833333,,,,,,,0.6,0.65,0.55,0.3,3.5,0.35,116
O2,124,120,124,120,25,0.206428,0.199132,1.454789,0.841667,0.475,0.721263,0.752308,2.036026,0.912141,0.253035,0.6,0.65,0.55,0.3,3.5,0.35,116
O3,122,120,122,120,25,0.187135,0.210133,1.471163,0.875,0.466667,0.731651,0.740769,1.798174,0.946293,0.242863,0.6,0.65,0.55,0.3,3.5,0.35,116
ALL,498,481,374,361,75,0.307752,0.430956,1.160786,0.85,0.612188,0.79246,0.742972,1.389528,0.889062,0.280589,0.6,0.65,0.55,0.35,2.5,0.3,117
O0,128,121,128,121,25,,,0.361878,,1.0,,,0.299402,,0.344969,0.6,0.65,0.55,0.35,2.5,0.3,117
O1,124,120,0,0,0,-0.010709,-0.015077,1.361851,0.833333,,,,,,,0.6,0.65,0.55,0.35,2.5,0.3,117
O2,124,120,124,120,25,0.181974,0.185443,1.449714,0.841667,0.475,0.730528,0.784615,2.045716,0.883367,0.25899,0.6,0.65,0.55,0.35,2.5,0.3,117
O3,122,120,122,120,25,0.186052,0.210209,1.476358,0.875,0.458333,0.748977,0.75,1.823466,0.948484,0.234997,0.6,0.65,0.55,0.35,2.5,0.3,117
ALL,498,481,374,361,75,0.308051,0.431074,1.161026,0.85,0.612188,0.79246,0.742972,1.389528,0.889062,0.280589,0.6,0.65,0.55,0.35,2.5,0.35,118
O0,128,121,128,121,25,,,0.361878,,1.0,,,0.299402,,0.344969,0.6,0.65,0.55,0.35,2.5,0.35,118
O1,124,120,0,0,0,-0.009245,-0.015077,1.362813,0.833333,,,,,,,0.6,0.65,0.55,0.35,2.5,0.35,118
O2,124,120,124,120,25,0.181974,0.185443,1.449714,0.841667,0.475,0.730528,0.784615,2.045716,0.883367,0.25899,0.6,0.65,0.55,0.35,2.5,0.35,118
O3,122,120,122,120,25,0.186052,0.210209,1.476358,0.875,0.458333,0.748977,0.75,1.823466,0.948484,0.234997,0.6,0.65,0.55,0.35,2.5,0.35,118
ALL,498,481,374,361,75,0.307372,0.429859,1.161468,0.85,0.612188,0.79246,0.742972,1.389528,0.889062,0.280589,0.6,0.65,0.55,0.35,3.5,0.3,119
O0,128,121,128,121,25,,,0.361878,,1.0,,,0.299402,,0.344969,0.6,0.65,0.55,0.35,3.5,0.3,119
O1,124,120,0,0,0,-0.012697,-0.023328,1.364584,0.833333,,,,,,,0.6,0.65,0.55,0.35,3.5,0.3,119
O2,124,120,124,120,25,0.181974,0.185443,1.449714,0.841667,0.475,0.730528,0.784615,2.045716,0.883367,0.25899,0.6,0.65,0.55,0.35,3.5,0.3,119
O3,122,120,122,120,25,0.186052,0.210209,1.476358,0.875,0.458333,0.748977,0.75,1.823466,0.948484,0.234997,0.6,0.65,0.55,0.35,3.5,0.3,119
ALL,498,481,374,361,75,0.30767,0.429977,1.161708,0.85,0.612188,0.79246,0.742972,1.389528,0.889062,0.280589,0.6,0.65,0.55,0.35,3.5,0.35,120
O0,128,121,128,121,25,,,0.361878,,1.0,,,0.299402,,0.344969,0.6,0.65,0.55,0.35,3.5,0.35,120
O1,124,120,0,0,0,-0.011232,-0.023328,1.365545,0.833333,,,,,,,0.6,0.65,0.55,0.35,3.5,0.35,120
O2,124,120,124,120,25,0.181974,0.185443,1.449714,0.841667,0.475,0.730528,0.784615,2.045716,0.883367,0.25899,0.6,0.65,0.55,0.35,3.5,0.35,120
O3,122,120,122,120,25,0.186052,0.210209,1.476358,0.875,0.458333,0.748977,0.75,1.823466,0.948484,0.234997,0.6,0.65,0.55,0.35,3.5,0.35,120
ALL,498,481,374,361,75,0.316777,0.432188,1.154288,0.85,0.614958,0.791111,0.725839,1.352457,0.90542,0.276397,0.6,1.25,0.1,0.25,2.5,0.3,121
O0,128,121,128,121,25,,,0.355988,,1.0,,,0.304933,,0.339512,0.6,1.25,0.1,0.25,2.5,0.3,121
O1,124,120,0,0,0,-0.013463,-0.013084,1.352924,0.833333,,,,,,,0.6,1.25,0.1,0.25,2.5,0.3,121
O2,124,120,124,120,25,0.203146,0.193194,1.448187,0.841667,0.475,0.731979,0.756154,1.990161,0.912691,0.250297,0.6,1.25,0.1,0.25,2.5,0.3,121
O3,122,120,122,120,25,0.187405,0.213216,1.466704,0.875,0.466667,0.742869,0.743846,1.762278,0.946143,0.236705,0.6,1.25,0.1,0.25,2.5,0.3,121
ALL,498,481,374,361,75,0.317055,0.432318,1.15495,0.85,0.614958,0.791111,0.725839,1.352457,0.90542,0.276397,0.6,1.25,0.1,0.25,2.5,0.35,122
O0,128,121,128,121,25,,,0.355988,,1.0,,,0.304933,,0.339512,0.6,1.25,0.1,0.25,2.5,0.35,122
O1,124,120,0,0,0,-0.011611,-0.013084,1.355581,0.833333,,,,,,,0.6,1.25,0.1,0.25,2.5,0.35,122
O2,124,120,124,120,25,0.203146,0.193194,1.448187,0.841667,0.475,0.731979,0.756154,1.990161,0.912691,0.250297,0.6,1.25,0.1,0.25,2.5,0.35,122
O3,122,120,122,120,25,0.187405,0.213216,1.466704,0.875,0.466667,0.742869,0.743846,1.762278,0.946143,0.236705,0.6,1.25,0.1,0.25,2.5,0.35,122
ALL,498,481,374,361,75,0.316638,0.43127,1.154566,0.85,0.614958,0.791111,0.725839,1.352457,0.90542,0.276397,0.6,1.25,0.1,0.25,3.5,0.3,123
O0,128,121,128,121,25,,,0.355988,,1.0,,,0.304933,,0.339512,0.6,1.25,0.1,0.25,3.5,0.3,123
O1,124,120,0,0,0,-0.014304,-0.020092,1.354042,0.833333,,,,,,,0.6,1.25,0.1,0.25,3.5,0.3,123
O2,124,120,124,120,25,0.203146,0.193194,1.448187,0.841667,0.475,0.731979,0.756154,1.990161,0.912691,0.250297,0.6,1.25,0.1,0.25,3.5,0.3,123
O3,122,120,122,120,25,0.187405,0.213216,1.466704,0.875,0.466667,0.742869,0.743846,1.762278,0.946143,0.236705,0.6,1.25,0.1,0.25,3.5,0.3,123
ALL,498,481,374,361,75,0.316916,0.4314,1.155229,0.85,0.614958,0.791111,0.725839,1.352457,0.90542,0.276397,0.6,1.25,0.1,0.25,3.5,0.35,124
O0,128,121,128,121,25,,,0.355988,,1.0,,,0.304933,,0.339512,0.6,1.25,0.1,0.25,3.5,0.35,124
O1,124,120,0,0,0,-0.01245,-0.020092,1.356699,0.833333,,,,,,,0.6,1.25,0.1,0.25,3.5,0.35,124
O2,124,120,124,120,25,0.203146,0.193194,1.448187,0.841667,0.475,0.731979,0.756154,1.990161,0.912691,0.250297,0.6,1.25,0.1,0.25,3.5,0.35,124
O3,122,120,122,120,25,0.187405,0.213216,1.466704,0.875,0.466667,0.742869,0.743846,1.762278,0.946143,0.236705,0.6,1.25,0.1,0.25,3.5,0.35,124
ALL,498,481,374,361,75,0.31646,0.431762,1.159131,0.85,0.614958,0.781145,0.723143,1.375945,0.906215,0.276302,0.6,1.25,0.1,0.3,2.5,0.3,125
O0,128,121,128,121,25,,,0.356532,,1.0,,,0.307569,,0.339803,0.6,1.25,0.1,0.3,2.5,0.3,125
O1,124,120,0,0,0,-0.010733,-0.010709,1.357657,0.833333,,,,,,,0.6,1.25,0.1,0.3,2.5,0.3,125
O2,124,120,124,120,25,0.205281,0.192479,1.45593,0.841667,0.475,0.721019,0.749231,2.02733,0.913585,0.248982,0.6,1.25,0.1,0.3,2.5,0.3,125
O3,122,120,122,120,25,0.186388,0.21064,1.473091,0.875,0.466667,0.732208,0.740769,1.792937,0.948006,0.237444,0.6,1.25,0.1,0.3,2.5,0.3,125
ALL,498,481,374,361,75,0.316727,0.431914,1.159999,0.85,0.614958,0.781145,0.723143,1.375945,0.906215,0.276302,0.6,1.25,0.1,0.3,2.5,0.35,126
O0,128,121,128,121,25,,,0.356532,,1.0,,,0.307569,,0.339803,0.6,1.25,0.1,0.3,2.5,0.35,126
O1,124,120,0,0,0,-0.008719,-0.010327,1.361137,0.833333,,,,,,,0.6,1.25,0.1,0.3,2.5,0.35,126
O2,124,120,124,120,25,0.205281,0.192479,1.45593,0.841667,0.475,0.721019,0.749231,2.02733,0.913585,0.248982,0.6,1.25,0.1,0.3,2.5,0.35,126
O3,122,120,122,120,25,0.186388,0.21064,1.473091,0.875,0.466667,0.732208,0.740769,1.792937,0.948006,0.237444,0.6,1.25,0.1,0.3,2.5,0.35,126
ALL,498,481,374,361,75,0.316322,0.430845,1.15941,0.85,0.614958,0.781145,0.723143,1.375945,0.906215,0.276302,0.6,1.25,0.1,0.3,3.5,0.3,127
O0,128,121,128,121,25,,,0.356532,,1.0,,,0.307569,,0.339803,0.6,1.25,0.1,0.3,3.5,0.3,127
O1,124,120,0,0,0,-0.011567,-0.017508,1.358775,0.833333,,,,,,,0.6,1.25,0.1,0.3,3.5,0.3,127
O2,124,120,124,120,25,0.205281,0.192479,1.45593,0.841667,0.475,0.721019,0.749231,2.02733,0.913585,0.248982,0.6,1.25,0.1,0.3,3.5,0.3,127
O3,122,120,122,120,25,0.186388,0.21064,1.473091,0.875,0.466667,0.732208,0.740769,1.792937,0.948006,0.237444,0.6,1.25,0.1,0.3,3.5,0.3,127
ALL,498,481,374,361,75,0.316589,0.430997,1.160278,0.85,0.614958,0.781145,0.723143,1.375945,0.906215,0.276302,0.6,1.25,0.1,0.3,3.5,0.35,128
O0,128,121,128,121,25,,,0.356532,,1.0,,,0.307569,,0.339803,0.6,1.25,0.1,0.3,3.5,0.35,128
O1,124,120,0,0,0,-0.009551,-0.017126,1.362255,0.833333,,,,,,,0.6,1.25,0.1,0.3,3.5,0.35,128
O2,124,120,124,120,25,0.205281,0.192479,1.45593,0.841667,0.475,0.721019,0.749231,2.02733,0.913585,0.248982,0.6,1.25,0.1,0.3,3.5,0.35,128
O3,122,120,122,120,25,0.186388,0.21064,1.473091,0.875,0.466667,0.732208,0.740769,1.792937,0.948006,0.237444,0.6,1.25,0.1,0.3,3.5,0.35,128
ALL,498,481,374,361,75,0.307294,0.430809,1.162892,0.85,0.609418,0.792196,0.738305,1.388388,0.889792,0.278584,0.6,1.25,0.1,0.35,2.5,0.3,129
O0,128,121,128,121,25,,,0.365668,,1.0,,,0.307987,,0.34844,0.6,1.25,0.1,0.35,2.5,0.3,129
O1,124,120,0,0,0,-0.009801,-0.013181,1.363206,0.833333,,,,,,,0.6,1.25,0.1,0.35,2.5,0.3,129
O2,124,120,124,120,25,0.180636,0.179443,1.451094,0.841667,0.475,0.730638,0.778462,2.03736,0.884828,0.2547,0.6,1.25,0.1,0.35,2.5,0.3,129
O3,122,120,122,120,25,0.185467,0.211758,1.478243,0.875,0.466667,0.749626,0.75,1.819818,0.950209,0.229567,0.6,1.25,0.1,0.35,2.5,0.3,129
ALL,498,481,374,361,75,0.307593,0.430927,1.163132,0.85,0.609418,0.792196,0.738305,1.388388,0.889792,0.278584,0.6,1.25,0.1,0.35,2.5,0.35,130
O0,128,121,128,121,25,,,0.365668,,1.0,,,0.307987,,0.34844,0.6,1.25,0.1,0.35,2.5,0.35,130
O1,124,120,0,0,0,-0.008335,-0.013181,1.364167,0.833333,,,,,,,0.6,1.25,0.1,0.35,2.5,0.35,130
O2,124,120,124,120,25,0.180636,0.179443,1.451094,0.841667,0.475,0.730638,0.778462,2.03736,0.884828,0.2547,0.6,1.25,0.1,0.35,2.5,0.35,130
O3,122,120,122,120,25,0.185467,0.211758,1.478243,0.875,0.466667,0.749626,0.75,1.819818,0.950209,0.229567,0.6,1.25,0.1,0.35,2.5,0.35,130
ALL,498,481,374,361,75,0.307156,0.429811,1.163171,0.85,0.609418,0.792196,0.738305,1.388388,0.889792,0.278584,0.6,1.25,0.1,0.35,3.5,0.3,131
O0,128,121,128,121,25,,,0.365668,,1.0,,,0.307987,,0.34844,0.6,1.25,0.1,0.35,3.5,0.3,131
O1,124,120,0,0,0,-0.010636,-0.020279,1.364324,0.833333,,,,,,,0.6,1.25,0.1,0.35,3.5,0.3,131
O2,124,120,124,120,25,0.180636,0.179443,1.451094,0.841667,0.475,0.730638,0.778462,2.03736,0.884828,0.2547,0.6,1.25,0.1,0.35,3.5,0.3,131
O3,122,120,122,120,25,0.185467,0.211758,1.478243,0.875,0.466667,0.749626,0.75,1.819818,0.950209,0.229567,0.6,1.25,0.1,0.35,3.5,0.3,131
ALL,498,481,374,361,75,0.307455,0.42993,1.163411,0.85,0.609418,0.792196,0.738305,1.388388,0.889792,0.278584,0.6,1.25,0.1,0.35,3.5,0.35,132
O0,128,121,128,121,25,,,0.365668,,1.0,,,0.307987,,0.34844,0.6,1.25,0.1,0.35,3.5,0.35,132
O1,124,120,0,0,0,-0.00917,-0.020279,1.365285,0.833333,,,,,,,0.6,1.25,0.1,0.35,3.5,0.35,132
O2,124,120,124,120,25,0.180636,0.179443,1.451094,0.841667,0.475,0.730638,0.778462,2.03736,0.884828,0.2547,0.6,1.25,0.1,0.35,3.5,0.35,132
O3,122,120,122,120,25,0.185467,0.211758,1.478243,0.875,0.466667,0.749626,0.75,1.819818,0.950209,0.229567,0.6,1.25,0.1,0.35,3.5,0.35,132
ALL,498,481,374,361,75,0.317503,0.433064,1.151868,0.85,0.614958,0.791112,0.725839,1.352459,0.904405,0.279924,0.6,1.25,0.55,0.25,2.5,0.3,133
O0,128,121,128,121,25,,,0.355756,,1.0,,,0.304933,,0.339293,0.6,1.25,0.55,0.25,2.5,0.3,133
O1,124,120,0,0,0,-0.013117,-0.012598,1.352336,0.833333,,,,,,,0.6,1.25,0.55,0.25,2.5,0.3,133
O2,124,120,124,120,25,0.205074,0.199535,1.443265,0.841667,0.475,0.731979,0.756154,1.990158,0.911184,0.255906,0.6,1.25,0.55,0.25,2.5,0.3,133
O3,122,120,122,120,25,0.189058,0.215216,1.462749,0.875,0.466667,0.742869,0.743846,1.762285,0.944546,0.242046,0.6,1.25,0.55,0.25,2.5,0.3,133
ALL,498,481,374,361,75,0.31778,0.433194,1.152531,0.85,0.614958,0.791112,0.725839,1.352459,0.904405,0.279924,0.6,1.25,0.55,0.25,2.5,0.35,134
O0,128,121,128,121,25,,,0.355756,,1.0,,,0.304933,,0.339293,0.6,1.25,0.55,0.25,2.5,0.35,134
O1,124,120,0,0,0,-0.011266,-0.012598,1.354993,0.833333,,,,,,,0.6,1.25,0.55,0.25,2.5,0.35,134
O2,124,120,124,120,25,0.205074,0.199535,1.443265,0.841667,0.475,0.731979,0.756154,1.990158,0.911184,0.255906,0.6,1.25,0.55,0.25,2.5,0.35,134
O3,122,120,122,120,25,0.189058,0.215216,1.462749,0.875,0.466667,0.742869,0.743846,1.762285,0.944546,0.242046,0.6,1.25,0.55,0.25,2.5,0.35,134
ALL,498,481,374,361,75,0.317366,0.432247,1.152142,0.85,0.614958,0.791112,0.725839,1.352459,0.904405,0.279924,0.6,1.25,0.55,0.25,3.5,0.3,135
O0,128,121,128,121,25,,,0.355756,,1.0,,,0.304933,,0.339293,0.6,1.25,0.55,0.25,3.5,0.3,135
O1,124,120,0,0,0,-0.013942,-0.018279,1.353432,0.833333,,,,,,,0.6,1.25,0.55,0.25,3.5,0.3,135
O2,124,120,124,120,25,0.205074,0.199535,1.443265,0.841667,0.475,0.731979,0.756154,1.990158,0.911184,0.255906,0.6,1.25,0.55,0.25,3.5,0.3,135
O3,122,120,122,120,25,0.189058,0.215216,1.462749,0.875,0.466667,0.742869,0.743846,1.762285,0.944546,0.242046,0.6,1.25,0.55,0.25,3.5,0.3,135
ALL,498,481,374,361,75,0.317644,0.432377,1.152804,0.85,0.614958,0.791112,0.725839,1.352459,0.904405,0.279924,0.6,1.25,0.55,0.25,3.5,0.35,136
O0,128,121,128,121,25,,,0.355756,,1.0,,,0.304933,,0.339293,0.6,1.25,0.55,0.25,3.5,0.35,136
O1,124,120,0,0,0,-0.012089,-0.018279,1.356089,0.833333,,,,,,,0.6,1.25,0.55,0.25,3.5,0.35,136
O2,124,120,124,120,25,0.205074,0.199535,1.443265,0.841667,0.475,0.731979,0.756154,1.990158,0.911184,0.255906,0.6,1.25,0.55,0.25,3.5,0.35,136
O3,122,120,122,120,25,0.189058,0.215216,1.462749,0.875,0.466667,0.742869,0.743846,1.762285,0.944546,0.242046,0.6,1.25,0.55,0.25,3.5,0.35,136
ALL,498,481,374,361,75,0.317184,0.432644,1.156709,0.85,0.614958,0.781145,0.723143,1.375945,0.905204,0.279828,0.6,1.25,0.55,0.3,2.5,0.3,137
O0,128,121,128,121,25,,,0.356301,,1.0,,,0.307569,,0.339584,0.6,1.25,0.55,0.3,2.5,0.3,137
O1,124,120,0,0,0,-0.010387,-0.010223,1.357061,0.833333,,,,,,,0.6,1.25,0.55,0.3,2.5,0.3,137
O2,124,120,124,120,25,0.207195,0.198917,1.451009,0.841667,0.475,0.721019,0.749231,2.02733,0.912104,0.25459,0.6,1.25,0.55,0.3,2.5,0.3,137
O3,122,120,122,120,25,0.188034,0.212452,1.469135,0.875,0.466667,0.732208,0.740769,1.792937,0.946416,0.242783,0.6,1.25,0.55,0.3,2.5,0.3,137
ALL,498,481,374,361,75,0.31745,0.432796,1.157577,0.85,0.614958,0.781145,0.723143,1.375945,0.905204,0.279828,0.6,1.25,0.55,0.3,2.5,0.35,138
O0,128,121,128,121,25,,,0.356301,,1.0,,,0.307569,,0.339584,0.6,1.25,0.55,0.3,2.5,0.35,138
O1,124,120,0,0,0,-0.008375,-0.009841,1.360541,0.833333,,,,,,,0.6,1.25,0.55,0.3,2.5,0.35,138
O2,124,120,124,120,25,0.207195,0.198917,1.451009,0.841667,0.475,0.721019,0.749231,2.02733,0.912104,0.25459,0.6,1.25,0.55,0.3,2.5,0.35,138
O3,122,120,122,120,25,0.188034,0.212452,1.469135,0.875,0.466667,0.732208,0.740769,1.792937,0.946416,0.242783,0.6,1.25,0.55,0.3,2.5,0.35,138
ALL,498,481,374,361,75,0.317048,0.431828,1.156983,0.85,0.614958,0.781145,0.723143,1.375945,0.905204,0.279828,0.6,1.25,0.55,0.3,3.5,0.3,139
O0,128,121,128,121,25,,,0.356301,,1.0,,,0.307569,,0.339584,0.6,1.25,0.55,0.3,3.5,0.3,139
O1,124,120,0,0,0,-0.011205,-0.015696,1.358158,0.833333,,,,,,,0.6,1.25,0.55,0.3,3.5,0.3,139
O2,124,120,124,120,25,0.207195,0.198917,1.451009,0.841667,0.475,0.721019,0.749231,2.02733,0.912104,0.25459,0.6,1.25,0.55,0.3,3.5,0.3,139
O3,122,120,122,120,25,0.188034,0.212452,1.469135,0.875,0.466667,0.732208,0.740769,1.792937,0.946416,0.242783,0.6,1.25,0.55,0.3,3.5,0.3,139
ALL,498,481,374,361,75,0.317314,0.43198,1.157851,0.85,0.614958,0.781145,0.723143,1.375945,0.905204,0.279828,0.6,1.25,0.55,0.3,3.5,0.35,140
O0,128,121,128,121,25,,,0.356301,,1.0,,,0.307569,,0.339584,0.6,1.25,0.55,0.3,3.5,0.35,140
O1,124,120,0,0,0,-0.009191,-0.015314,1.361638,0.833333,,,,,,,0.6,1.25,0.55,0.3,3.5,0.35,140
O2,124,120,124,120,25,0.207195,0.198917,1.451009,0.841667,0.475,0.721019,0.749231,2.02733,0.912104,0.25459,0.6,1.25,0.55,0.3,3.5,0.35,140
O3,122,120,122,120,25,0.188034,0.212452,1.469135,0.875,0.466667,0.732208,0.740769,1.792937,0.946416,0.242783,0.6,1.25,0.55,0.3,3.5,0.35,140
ALL,498,481,374,361,75,0.308021,0.431648,1.160432,0.85,0.609418,0.792196,0.738305,1.388388,0.888766,0.282107,0.6,1.25,0.55,0.35,2.5,0.3,141
O0,128,121,128,121,25,,,0.365429,,1.0,,,0.307987,,0.348214,0.6,1.25,0.55,0.35,2.5,0.3,141
O1,124,120,0,0,0,-0.009629,-0.013369,1.362487,0.833333,,,,,,,0.6,1.25,0.55,0.35,2.5,0.3,141
O2,124,120,124,120,25,0.182585,0.185527,1.44613,0.841667,0.475,0.730638,0.778462,2.03736,0.883348,0.260289,0.6,1.25,0.55,0.35,2.5,0.3,141
O3,122,120,122,120,25,0.187104,0.21357,1.474306,0.875,0.466667,0.749626,0.75,1.819818,0.948599,0.234926,0.6,1.25,0.55,0.35,2.5,0.3,141
ALL,498,481,374,361,75,0.308319,0.431767,1.160672,0.85,0.609418,0.792196,0.738305,1.388388,0.888766,0.282107,0.6,1.25,0.55,0.35,2.5,0.35,142
O0,128,121,128,121,25,,,0.365429,,1.0,,,0.307987,,0.348214,0.6,1.25,0.55,0.35,2.5,0.35,142
O1,124,120,0,0,0,-0.008163,-0.013369,1.363448,0.833333,,,,,,,0.6,1.25,0.55,0.35,2.5,0.35,142
O2,124,120,124,120,25,0.182585,0.185527,1.44613,0.841667,0.475,0.730638,0.778462,2.03736,0.883348,0.260289,0.6,1.25,0.55,0.35,2.5,0.35,142
O3,122,120,122,120,25,0.187104,0.21357,1.474306,0.875,0.466667,0.749626,0.75,1.819818,0.948599,0.234926,0.6,1.25,0.55,0.35,2.5,0.35,142
ALL,498,481,374,361,75,0.307884,0.430752,1.160706,0.85,0.609418,0.792196,0.738305,1.388388,0.888766,0.282107,0.6,1.25,0.55,0.35,3.5,0.3,143
O0,128,121,128,121,25,,,0.365429,,1.0,,,0.307987,,0.348214,0.6,1.25,0.55,0.35,3.5,0.3,143
O1,124,120,0,0,0,-0.010449,-0.01914,1.363584,0.833333,,,,,,,0.6,1.25,0.55,0.35,3.5,0.3,143
O2,124,120,124,120,25,0.182585,0.185527,1.44613,0.841667,0.475,0.730638,0.778462,2.03736,0.883348,0.260289,0.6,1.25,0.55,0.35,3.5,0.3,143
O3,122,120,122,120,25,0.187104,0.21357,1.474306,0.875,0.466667,0.749626,0.75,1.819818,0.948599,0.234926,0.6,1.25,0.55,0.35,3.5,0.3,143
ALL,498,481,374,361,75,0.308183,0.43087,1.160945,0.85,0.609418,0.792196,0.738305,1.388388,0.888766,0.282107,0.6,1.25,0.55,0.35,3.5,0.35,144
O0,128,121,128,121,25,,,0.365429,,1.0,,,0.307987,,0.348214,0.6,1.25,0.55,0.35,3.5,0.35,144
O1,124,120,0,0,0,-0.008982,-0.01914,1.364545,0.833333,,,,,,,0.6,1.25,0.55,0.35,3.5,0.35,144
O2,124,120,124,120,25,0.182585,0.185527,1.44613,0.841667,0.475,0.730638,0.778462,2.03736,0.883348,0.260289,0.6,1.25,0.55,0.35,3.5,0.35,144
O3,122,120,122,120,25,0.187104,0.21357,1.474306,0.875,0.466667,0.749626,0.75,1.819818,0.948599,0.234926,0.6,1.25,0.55,0.35,3.5,0.35,144
ALL,498,481,374,361,75,0.316378,0.431156,1.154588,0.85,0.617729,0.791556,0.729028,1.354983,0.905751,0.27474,0.62,0.65,0.1,0.25,2.5,0.3,145
O0,128,121,128,121,25,,,0.352111,,1.0,,,0.296346,,0.335978,0.62,0.65,0.1,0.25,2.5,0.3,145
O1,124,120,0,0,0,-0.014571,-0.016015,1.352376,0.833333,,,,,,,0.62,0.65,0.1,0.25,2.5,0.3,145
O2,124,120,124,120,25,0.202124,0.193562,1.451899,0.841667,0.475,0.73205,0.759231,1.999899,0.912789,0.24913,0.62,0.65,0.1,0.25,2.5,0.3,145
O3,122,120,122,120,25,0.186122,0.207507,1.468654,0.875,0.466667,0.742408,0.74,1.768704,0.946062,0.236521,0.62,0.65,0.1,0.25,2.5,0.3,145
ALL,498,481,374,361,75,0.316656,0.431307,1.155258,0.85,0.617729,0.791556,0.729028,1.354983,0.905751,0.27474,0.62,0.65,0.1,0.25,2.5,0.35,146
O0,128,121,128,121,25,,,0.352111,,1.0,,,0.296346,,0.335978,0.62,0.65,0.1,0.25,2.5,0.35,146
O1,124,120,0,0,0,-0.012713,-0.015661,1.355062,0.833333,,,,,,,0.62,0.65,0.1,0.25,2.5,0.35,146
O2,124,120,124,120,25,0.202124,0.193562,1.451899,0.841667,0.475,0.73205,0.759231,1.999899,0.912789,0.24913,0.62,0.65,0.1,0.25,2.5,0.35,146
O3,122,120,122,120,25,0.186122,0.207507,1.468654,0.875,0.466667,0.742408,0.74,1.768704,0.946062,0.236521,0.62,0.65,0.1,0.25,2.5,0.35,146
ALL,498,481,374,361,75,0.315992,0.430165,1.155274,0.85,0.617729,0.791556,0.729028,1.354983,0.905751,0.27474,0.62,0.65,0.1,0.25,3.5,0.3,147
O0,128,121,128,121,25,,,0.352111,,1.0,,,0.296346,,0.335978,0.62,0.65,0.1,0.25,3.5,0.3,147
O1,124,120,0,0,0,-0.016581,-0.024273,1.355124,0.833333,,,,,,,0.62,0.65,0.1,0.25,3.5,0.3,147
O2,124,120,124,120,25,0.202124,0.193562,1.451899,0.841667,0.475,0.73205,0.759231,1.999899,0.912789,0.24913,0.62,0.65,0.1,0.25,3.5,0.3,147
O3,122,120,122,120,25,0.186122,0.207507,1.468654,0.875,0.466667,0.742408,0.74,1.768704,0.946062,0.236521,0.62,0.65,0.1,0.25,3.5,0.3,147
ALL,498,481,374,361,75,0.31627,0.430316,1.155944,0.85,0.617729,0.791556,0.729028,1.354983,0.905751,0.27474,0.62,0.65,0.1,0.25,3.5,0.35,148
O0,128,121,128,121,25,,,0.352111,,1.0,,,0.296346,,0.335978,0.62,0.65,0.1,0.25,3.5,0.35,148
O1,124,120,0,0,0,-0.014719,-0.023918,1.35781,0.833333,,,,,,,0.62,0.65,0.1,0.25,3.5,0.35,148
O2,124,120,124,120,25,0.202124,0.193562,1.451899,0.841667,0.475,0.73205,0.759231,1.999899,0.912789,0.24913,0.62,0.65,0.1,0.25,3.5,0.35,148
O3,122,120,122,120,25,0.186122,0.207507,1.468654,0.875,0.466667,0.742408,0.74,1.768704,0.946062,0.236521,0.62,0.65,0.1,0.25,3.5,0.35,148
ALL,498,481,374,361,75,0.316056,0.431151,1.159195,0.85,0.617729,0.781683,0.727173,1.377728,0.906497,0.275075,0.62,0.65,0.1,0.3,2.5,0.3,149
O0,128,121,128,121,25,,,0.352656,,1.0,,,0.298984,,0.33625,0.62,0.65,0.1,0.3,2.5,0.3,149
O1,124,120,0,0,0,-0.011932,-0.011681,1.356627,0.833333,,,,,,,0.62,0.65,0.1,0.3,2.5,0.3,149
O2,124,120,124,120,25,0.204192,0.192847,1.459426,0.841667,0.475,0.721263,0.752308,2.036026,0.913601,0.248216,0.62,0.65,0.1,0.3,2.5,0.3,149
O3,122,120,122,120,25,0.185144,0.206862,1.474794,0.875,0.466667,0.731651,0.740769,1.798174,0.947835,0.238189,0.62,0.65,0.1,0.3,2.5,0.3,149
ALL,498,481,374,361,75,0.316323,0.431311,1.160078,0.85,0.617729,0.781683,0.727173,1.377728,0.906497,0.275075,0.62,0.65,0.1,0.3,2.5,0.35,150
O0,128,121,128,121,25,,,0.352656,,1.0,,,0.298984,,0.33625,0.62,0.65,0.1,0.3,2.5,0.35,150
O1,124,120,0,0,0,-0.009905,-0.011299,1.360166,0.833333,,,,,,,0.62,0.65,0.1,0.3,2.5,0.35,150
O2,124,120,124,120,25,0.204192,0.192847,1.459426,0.841667,0.475,0.721263,0.752308,2.036026,0.913601,0.248216,0.62,0.65,0.1,0.3,2.5,0.35,150
O3,122,120,122,120,25,0.185144,0.206862,1.474794,0.875,0.466667,0.731651,0.740769,1.798174,0.947835,0.238189,0.62,0.65,0.1,0.3,2.5,0.35,150
ALL,498,481,374,361,75,0.315672,0.430154,1.159881,0.85,0.617729,0.781683,0.727173,1.377728,0.906497,0.275075,0.62,0.65,0.1,0.3,3.5,0.3,151
O0,128,121,128,121,25,,,0.352656,,1.0,,,0.298984,,0.33625,0.62,0.65,0.1,0.3,3.5,0.3,151
O1,124,120,0,0,0,-0.013929,-0.019856,1.359375,0.833333,,,,,,,0.62,0.65,0.1,0.3,3.5,0.3,151
O2,124,120,124,120,25,0.204192,0.192847,1.459426,0.841667,0.475,0.721263,0.752308,2.036026,0.913601,0.248216,0.62,0.65,0.1,0.3,3.5,0.3,151
O3,122,120,122,120,25,0.185144,0.206862,1.474794,0.875,0.466667,0.731651,0.740769,1.798174,0.947835,0.238189,0.62,0.65,0.1,0.3,3.5,0.3,151
ALL,498,481,374,361,75,0.315939,0.430315,1.160764,0.85,0.617729,0.781683,0.727173,1.377728,0.906497,0.275075,0.62,0.65,0.1,0.3,3.5,0.35,152
O0,128,121,128,121,25,,,0.352656,,1.0,,,0.298984,,0.33625,0.62,0.65,0.1,0.3,3.5,0.35,152
O1,124,120,0,0,0,-0.011897,-0.019474,1.362914,0.833333,,,,,,,0.62,0.65,0.1,0.3,3.5,0.35,152
O2,124,120,124,120,25,0.204192,0.192847,1.459426,0.841667,0.475,0.721263,0.752308,2.036026,0.913601,0.248216,0.62,0.65,0.1,0.3,3.5,0.35,152
O3,122,120,122,120,25,0.185144,0.206862,1.474794,0.875,0.466667,0.731651,0.740769,1.798174,0.947835,0.238189,0.62,0.65,0.1,0.3,3.5,0.35,152
ALL,498,481,374,361,75,0.306844,0.429997,1.162995,0.85,0.612188,0.79246,0.742972,1.389528,0.890075,0.277446,0.62,0.65,0.1,0.35,2.5,0.3,153
O0,128,121,128,121,25,,,0.361784,,1.0,,,0.299402,,0.34488,0.62,0.65,0.1,0.35,2.5,0.3,153
O1,124,120,0,0,0,-0.011074,-0.015043,1.362502,0.833333,,,,,,,0.62,0.65,0.1,0.35,2.5,0.3,153
O2,124,120,124,120,25,0.179709,0.179582,1.454384,0.841667,0.475,0.730528,0.784615,2.045716,0.884827,0.254204,0.62,0.65,0.1,0.35,2.5,0.3,153
O3,122,120,122,120,25,0.184055,0.206771,1.479986,0.875,0.458333,0.748977,0.75,1.823466,0.95005,0.23032,0.62,0.65,0.1,0.35,2.5,0.3,153
ALL,498,481,374,361,75,0.307142,0.430115,1.163235,0.85,0.612188,0.79246,0.742972,1.389528,0.890075,0.277446,0.62,0.65,0.1,0.35,2.5,0.35,154
O0,128,121,128,121,25,,,0.361784,,1.0,,,0.299402,,0.34488,0.62,0.65,0.1,0.35,2.5,0.35,154
O1,124,120,0,0,0,-0.009611,-0.015043,1.363463,0.833333,,,,,,,0.62,0.65,0.1,0.35,2.5,0.35,154
O2,124,120,124,120,25,0.179709,0.179582,1.454384,0.841667,0.475,0.730528,0.784615,2.045716,0.884827,0.254204,0.62,0.65,0.1,0.35,2.5,0.35,154
O3,122,120,122,120,25,0.184055,0.206771,1.479986,0.875,0.458333,0.748977,0.75,1.823466,0.95005,0.23032,0.62,0.65,0.1,0.35,2.5,0.35,154
ALL,498,481,374,361,75,0.306461,0.428908,1.16368,0.85,0.612188,0.79246,0.742972,1.389528,0.890075,0.277446,0.62,0.65,0.1,0.35,3.5,0.3,155
O0,128,121,128,121,25,,,0.361784,,1.0,,,0.299402,,0.34488,0.62,0.65,0.1,0.35,3.5,0.3,155
O1,124,120,0,0,0,-0.013072,-0.023293,1.36525,0.833333,,,,,,,0.62,0.65,0.1,0.35,3.5,0.3,155
O2,124,120,124,120,25,0.179709,0.179582,1.454384,0.841667,0.475,0.730528,0.784615,2.045716,0.884827,0.254204,0.62,0.65,0.1,0.35,3.5,0.3,155
O3,122,120,122,120,25,0.184055,0.206771,1.479986,0.875,0.458333,0.748977,0.75,1.823466,0.95005,0.23032,0.62,0.65,0.1,0.35,3.5,0.3,155
ALL,498,481,374,361,75,0.30676,0.429026,1.16392,0.85,0.612188,0.79246,0.742972,1.389528,0.890075,0.277446,0.62,0.65,0.1,0.35,3.5,0.35,156
O0,128,121,128,121,25,,,0.361784,,1.0,,,0.299402,,0.34488,0.62,0.65,0.1,0.35,3.5,0.35,156
O1,124,120,0,0,0,-0.011608,-0.023293,1.366211,0.833333,,,,,,,0.62,0.65,0.1,0.35,3.5,0.35,156
O2,124,120,124,120,25,0.179709,0.179582,1.454384,0.841667,0.475,0.730528,0.784615,2.045716,0.884827,0.254204,0.62,0.65,0.1,0.35,3.5,0.35,156
O3,122,120,122,120,25,0.184055,0.206771,1.479986,0.875,0.458333,0.748977,0.75,1.823466,0.95005,0.23032,0.62,0.65,0.1,0.35,3.5,0.35,156
ALL,498,481,374,361,75,0.317101,0.432064,1.152182,0.85,0.617729,0.791557,0.729028,1.354984,0.904751,0.278078,0.62,0.65,0.55,0.25,2.5,0.3,157
O0,128,121,128,121,25,,,0.35188,,1.0,,,0.296346,,0.33576,0.62,0.65,0.55,0.25,2.5,0.3,157
O1,124,120,0,0,0,-0.014202,-0.015994,1.351765,0.833333,,,,,,,0.62,0.65,0.55,0.25,2.5,0.3,157
O2,124,120,124,120,25,0.204032,0.199125,1.446967,0.841667,0.475,0.732051,0.759231,1.999896,0.911309,0.254234,0.62,0.65,0.55,0.25,2.5,0.3,157
O3,122,120,122,120,25,0.187738,0.210251,1.464783,0.875,0.466667,0.742408,0.74,1.768711,0.94448,0.241795,0.62,0.65,0.55,0.25,2.5,0.3,157
ALL,498,481,374,361,75,0.317379,0.43221,1.152852,0.85,0.617729,0.791557,0.729028,1.354984,0.904751,0.278078,0.62,0.65,0.55,0.25,2.5,0.35,158
O0,128,121,128,121,25,,,0.35188,,1.0,,,0.296346,,0.33576,0.62,0.65,0.55,0.25,2.5,0.35,158
O1,124,120,0,0,0,-0.012345,-0.01564,1.354452,0.833333,,,,,,,0.62,0.65,0.55,0.25,2.5,0.35,158
O2,124,120,124,120,25,0.204032,0.199125,1.446967,0.841667,0.475,0.732051,0.759231,1.999896,0.911309,0.254234,0.62,0.65,0.55,0.25,2.5,0.35,158
O3,122,120,122,120,25,0.187738,0.210251,1.464783,0.875,0.466667,0.742408,0.74,1.768711,0.94448,0.241795,0.62,0.65,0.55,0.25,2.5,0.35,158
ALL,498,481,374,361,75,0.316717,0.431097,1.152863,0.85,0.617729,0.791557,0.729028,1.354984,0.904751,0.278078,0.62,0.65,0.55,0.25,3.5,0.3,159
O0,128,121,128,121,25,,,0.35188,,1.0,,,0.296346,,0.33576,0.62,0.65,0.55,0.25,3.5,0.3,159
O1,124,120,0,0,0,-0.0162,-0.024252,1.354498,0.833333,,,,,,,0.62,0.65,0.55,0.25,3.5,0.3,159
O2,124,120,124,120,25,0.204032,0.199125,1.446967,0.841667,0.475,0.732051,0.759231,1.999896,0.911309,0.254234,0.62,0.65,0.55,0.25,3.5,0.3,159
O3,122,120,122,120,25,0.187738,0.210251,1.464783,0.875,0.466667,0.742408,0.74,1.768711,0.94448,0.241795,0.62,0.65,0.55,0.25,3.5,0.3,159
ALL,498,481,374,361,75,0.316995,0.431243,1.153534,0.85,0.617729,0.791557,0.729028,1.354984,0.904751,0.278078,0.62,0.65,0.55,0.25,3.5,0.35,160
O0,128,121,128,121,25,,,0.35188,,1.0,,,0.296346,,0.33576,0.62,0.65,0.55,0.25,3.5,0.35,160
O1,124,120,0,0,0,-0.014339,-0.023897,1.357185,0.833333,,,,,,,0.62,0.65,0.55,0.25,3.5,0.35,160
O2,124,120,124,120,25,0.204032,0.199125,1.446967,0.841667,0.475,0.732051,0.759231,1.999896,0.911309,0.254234,0.62,0.65,0.55,0.25,3.5,0.35,160
O3,122,120,122,120,25,0.187738,0.210251,1.464783,0.875,0.466667,0.742408,0.74,1.768711,0.94448,0.241795,0.62,0.65,0.55,0.25,3.5,0.35,160
ALL,498,481,374,361,75,0.316777,0.431983,1.156787,0.85,0.617729,0.781683,0.727173,1.377728,0.905501,0.278412,0.62,0.65,0.55,0.3,2.5,0.3,161
O0,128,121,128,121,25,,,0.352425,,1.0,,,0.298984,,0.336033,0.62,0.65,0.55,0.3,2.5,0.3,161
O1,124,120,0,0,0,-0.011565,-0.011661,1.356011,0.833333,,,,,,,0.62,0.65,0.55,0.3,2.5,0.3,161
O2,124,120,124,120,25,0.206085,0.198507,1.454494,0.841667,0.475,0.721263,0.752308,2.036026,0.912145,0.25332,0.62,0.65,0.55,0.3,2.5,0.3,161
O3,122,120,122,120,25,0.186753,0.209362,1.470922,0.875,0.466667,0.731651,0.740769,1.798174,0.946261,0.243461,0.62,0.65,0.55,0.3,2.5,0.3,161
ALL,498,481,374,361,75,0.317043,0.432144,1.15767,0.85,0.617729,0.781683,0.727173,1.377728,0.905501,0.278412,0.62,0.65,0.55,0.3,2.5,0.35,162
O0,128,121,128,121,25,,,0.352425,,1.0,,,0.298984,,0.336033,0.62,0.65,0.55,0.3,2.5,0.35,162
O1,124,120,0,0,0,-0.009539,-0.011279,1.35955,0.833333,,,,,,,0.62,0.65,0.55,0.3,2.5,0.35,162
O2,124,120,124,120,25,0.206085,0.198507,1.454494,0.841667,0.475,0.721263,0.752308,2.036026,0.912145,0.25332,0.62,0.65,0.55,0.3,2.5,0.35,162
O3,122,120,122,120,25,0.186753,0.209362,1.470922,0.875,0.466667,0.731651,0.740769,1.798174,0.946261,0.243461,0.62,0.65,0.55,0.3,2.5,0.35,162
ALL,498,481,374,361,75,0.316394,0.43101,1.157469,0.85,0.617729,0.781683,0.727173,1.377728,0.905501,0.278412,0.62,0.65,0.55,0.3,3.5,0.3,163
O0,128,121,128,121,25,,,0.352425,,1.0,,,0.298984,,0.336033,0.62,0.65,0.55,0.3,3.5,0.3,163
O1,124,120,0,0,0,-0.013549,-0.019835,1.358744,0.833333,,,,,,,0.62,0.65,0.55,0.3,3.5,0.3,163
O2,124,120,124,120,25,0.206085,0.198507,1.454494,0.841667,0.475,0.721263,0.752308,2.036026,0.912145,0.25332,0.62,0.65,0.55,0.3,3.5,0.3,163
O3,122,120,122,120,25,0.186753,0.209362,1.470922,0.875,0.466667,0.731651,0.740769,1.798174,0.946261,0.243461,0.62,0.65,0.55,0.3,3.5,0.3,163
ALL,498,481,374,361,75,0.31666,0.431171,1.158352,0.85,0.617729,0.781683,0.727173,1.377728,0.905501,0.278412,0.62,0.65,0.55,0.3,3.5,0.35,164
O0,128,121,128,121,25,,,0.352425,,1.0,,,0.298984,,0.336033,0.62,0.65,0.55,0.3,3.5,0.35,164
O1,124,120,0,0,0,-0.011518,-0.019453,1.362283,0.833333,,,,,,,0.62,0.65,0.55,0.3,3.5,0.35,164
O2,124,120,124,120,25,0.206085,0.198507,1.454494,0.841667,0.475,0.721263,0.752308,2.036026,0.912145,0.25332,0.62,0.65,0.55,0.3,3.5,0.35,164
O3,122,120,122,120,25,0.186753,0.209362,1.470922,0.875,0.466667,0.731651,0.740769,1.798174,0.946261,0.243461,0.62,0.65,0.55,0.3,3.5,0.35,164
ALL,498,481,374,361,75,0.307568,0.430727,1.160546,0.85,0.612188,0.79246,0.742972,1.389528,0.889065,0.280771,0.62,0.65,0.55,0.35,2.5,0.3,165
O0,128,121,128,121,25,,,0.361546,,1.0,,,0.299402,,0.344654,0.62,0.65,0.55,0.35,2.5,0.3,165
O1,124,120,0,0,0,-0.010875,-0.015022,1.361761,0.833333,,,,,,,0.62,0.65,0.55,0.35,2.5,0.3,165
O2,124,120,124,120,25,0.181628,0.184818,1.44942,0.841667,0.475,0.730528,0.784615,2.045716,0.883372,0.259275,0.62,0.65,0.55,0.35,2.5,0.3,165
O3,122,120,122,120,25,0.185668,0.209438,1.476117,0.875,0.458333,0.748977,0.75,1.823466,0.948458,0.235595,0.62,0.65,0.55,0.35,2.5,0.3,165
ALL,498,481,374,361,75,0.307867,0.430845,1.160786,0.85,0.612188,0.79246,0.742972,1.389528,0.889065,0.280771,0.62,0.65,0.55,0.35,2.5,0.35,166
O0,128,121,128,121,25,,,0.361546,,1.0,,,0.299402,,0.344654,0.62,0.65,0.55,0.35,2.5,0.35,166
O1,124,120,0,0,0,-0.009411,-0.015022,1.362722,0.833333,,,,,,,0.62,0.65,0.55,0.35,2.5,0.35,166
O2,124,120,124,120,25,0.181628,0.184818,1.44942,0.841667,0.475,0.730528,0.784615,2.045716,0.883372,0.259275,0.62,0.65,0.55,0.35,2.5,0.35,166
O3,122,120,122,120,25,0.185668,0.209438,1.476117,0.875,0.458333,0.748977,0.75,1.823466,0.948458,0.235595,0.62,0.65,0.55,0.35,2.5,0.35,166
ALL,498,481,374,361,75,0.307187,0.429662,1.161228,0.85,0.612188,0.79246,0.742972,1.389528,0.889065,0.280771,0.62,0.65,0.55,0.35,3.5,0.3,167
O0,128,121,128,121,25,,,0.361546,,1.0,,,0.299402,,0.344654,0.62,0.65,0.55,0.35,3.5,0.3,167
O1,124,120,0,0,0,-0.012862,-0.023272,1.364494,0.833333,,,,,,,0.62,0.65,0.55,0.35,3.5,0.3,167
O2,124,120,124,120,25,0.181628,0.184818,1.44942,0.841667,0.475,0.730528,0.784615,2.045716,0.883372,0.259275,0.62,0.65,0.55,0.35,3.5,0.3,167
O3,122,120,122,120,25,0.185668,0.209438,1.476117,0.875,0.458333,0.748977,0.75,1.823466,0.948458,0.235595,0.62,0.65,0.55,0.35,3.5,0.3,167
ALL,498,481,374,361,75,0.307486,0.42978,1.161468,0.85,0.612188,0.79246,0.742972,1.389528,0.889065,0.280771,0.62,0.65,0.55,0.35,3.5,0.35,168
O0,128,121,128,121,25,,,0.361546,,1.0,,,0.299402,,0.344654,0.62,0.65,0.55,0.35,3.5,0.35,168
O1,124,120,0,0,0,-0.011398,-0.023272,1.365455,0.833333,,,,,,,0.62,0.65,0.55,0.35,3.5,0.35,168
O2,124,120,124,120,25,0.181628,0.184818,1.44942,0.841667,0.475,0.730528,0.784615,2.045716,0.883372,0.259275,0.62,0.65,0.55,0.35,3.5,0.35,168
O3,122,120,122,120,25,0.185668,0.209438,1.476117,0.875,0.458333,0.748977,0.75,1.823466,0.948458,0.235595,0.62,0.65,0.55,0.35,3.5,0.35,168
ALL,498,481,374,361,75,0.316673,0.431959,1.154153,0.85,0.614958,0.791111,0.725839,1.352457,0.905425,0.276491,0.62,1.25,0.1,0.25,2.5,0.3,169
O0,128,121,128,121,25,,,0.355797,,1.0,,,0.304933,,0.339332,0.62,1.25,0.1,0.25,2.5,0.3,169
O1,124,120,0,0,0,-0.013555,-0.013112,1.352877,0.833333,,,,,,,0.62,1.25,0.1,0.25,2.5,0.3,169
O2,124,120,124,120,25,0.20295,0.193194,1.44802,0.841667,0.475,0.731979,0.756154,1.990161,0.912693,0.250458,0.62,1.25,0.1,0.25,2.5,0.3,169
O3,122,120,122,120,25,0.187191,0.212272,1.46657,0.875,0.466667,0.742869,0.743846,1.762278,0.946128,0.23702,0.62,1.25,0.1,0.25,2.5,0.3,169
ALL,498,481,374,361,75,0.316952,0.432089,1.154816,0.85,0.614958,0.791111,0.725839,1.352457,0.905425,0.276491,0.62,1.25,0.1,0.25,2.5,0.35,170
O0,128,121,128,121,25,,,0.355797,,1.0,,,0.304933,,0.339332,0.62,1.25,0.1,0.25,2.5,0.35,170
O1,124,120,0,0,0,-0.011703,-0.013112,1.355534,0.833333,,,,,,,0.62,1.25,0.1,0.25,2.5,0.35,170
O2,124,120,124,120,25,0.20295,0.193194,1.44802,0.841667,0.475,0.731979,0.756154,1.990161,0.912693,0.250458,0.62,1.25,0.1,0.25,2.5,0.35,170
O3,122,120,122,120,25,0.187191,0.212272,1.46657,0.875,0.466667,0.742869,0.743846,1.762278,0.946128,0.23702,0.62,1.25,0.1,0.25,2.5,0.35,170
ALL,498,481,374,361,75,0.316534,0.431042,1.154432,0.85,0.614958,0.791111,0.725839,1.352457,0.905425,0.276491,0.62,1.25,0.1,0.25,3.5,0.3,171
O0,128,121,128,121,25,,,0.355797,,1.0,,,0.304933,,0.339332,0.62,1.25,0.1,0.25,3.5,0.3,171
O1,124,120,0,0,0,-0.014396,-0.020119,1.353995,0.833333,,,,,,,0.62,1.25,0.1,0.25,3.5,0.3,171
O2,124,120,124,120,25,0.20295,0.193194,1.44802,0.841667,0.475,0.731979,0.756154,1.990161,0.912693,0.250458,0.62,1.25,0.1,0.25,3.5,0.3,171
O3,122,120,122,120,25,0.187191,0.212272,1.46657,0.875,0.466667,0.742869,0.743846,1.762278,0.946128,0.23702,0.62,1.25,0.1,0.25,3.5,0.3,171
ALL,498,481,374,361,75,0.316813,0.431172,1.155094,0.85,0.614958,0.791111,0.725839,1.352457,0.905425,0.276491,0.62,1.25,0.1,0.25,3.5,0.35,172
O0,128,121,128,121,25,,,0.355797,,1.0,,,0.304933,,0.339332,0.62,1.25,0.1,0.25,3.5,0.35,172
O1,124,120,0,0,0,-0.012542,-0.020119,1.356652,0.833333,,,,,,,0.62,1.25,0.1,0.25,3.5,0.35,172
O2,124,120,124,120,25,0.20295,0.193194,1.44802,0.841667,0.475,0.731979,0.756154,1.990161,0.912693,0.250458,0.62,1.25,0.1,0.25,3.5,0.35,172
O3,122,120,122,120,25,0.187191,0.212272,1.46657,0.875,0.466667,0.742869,0.743846,1.762278,0.946128,0.23702,0.62,1.25,0.1,0.25,3.5,0.35,172
ALL,498,481,374,361,75,0.316358,0.431515,1.158996,0.85,0.614958,0.781145,0.723143,1.375945,0.90622,0.276396,0.62,1.25,0.1,0.3,2.5,0.3,173
O0,128,121,128,121,25,,,0.356342,,1.0,,,0.307569,,0.339623,0.62,1.25,0.1,0.3,2.5,0.3,173
O1,124,120,0,0,0,-0.010824,-0.011188,1.35761,0.833333,,,,,,,0.62,1.25,0.1,0.3,2.5,0.3,173
O2,124,120,124,120,25,0.205087,0.192479,1.455763,0.841667,0.475,0.721019,0.749231,2.02733,0.913587,0.249144,0.62,1.25,0.1,0.3,2.5,0.3,173
O3,122,120,122,120,25,0.186174,0.209695,1.472957,0.875,0.466667,0.732208,0.740769,1.792937,0.94799,0.237759,0.62,1.25,0.1,0.3,2.5,0.3,173
ALL,498,481,374,361,75,0.316624,0.431667,1.159864,0.85,0.614958,0.781145,0.723143,1.375945,0.90622,0.276396,0.62,1.25,0.1,0.3,2.5,0.35,174
O0,128,121,128,121,25,,,0.356342,,1.0,,,0.307569,,0.339623,0.62,1.25,0.1,0.3,2.5,0.35,174
O1,124,120,0,0,0,-0.008811,-0.010806,1.36109,0.833333,,,,,,,0.62,1.25,0.1,0.3,2.5,0.35,174
O2,124,120,124,120,25,0.205087,0.192479,1.455763,0.841667,0.475,0.721019,0.749231,2.02733,0.913587,0.249144,0.62,1.25,0.1,0.3,2.5,0.35,174
O3,122,120,122,120,25,0.186174,0.209695,1.472957,0.875,0.466667,0.732208,0.740769,1.792937,0.94799,0.237759,0.62,1.25,0.1,0.3,2.5,0.35,174
ALL,498,481,374,361,75,0.316219,0.430598,1.159275,0.85,0.614958,0.781145,0.723143,1.375945,0.90622,0.276396,0.62,1.25,0.1,0.3,3.5,0.3,175
O0,128,121,128,121,25,,,0.356342,,1.0,,,0.307569,,0.339623,0.62,1.25,0.1,0.3,3.5,0.3,175
O1,124,120,0,0,0,-0.011659,-0.017987,1.358728,0.833333,,,,,,,0.62,1.25,0.1,0.3,3.5,0.3,175
O2,124,120,124,120,25,0.205087,0.192479,1.455763,0.841667,0.475,0.721019,0.749231,2.02733,0.913587,0.249144,0.62,1.25,0.1,0.3,3.5,0.3,175
O3,122,120,122,120,25,0.186174,0.209695,1.472957,0.875,0.466667,0.732208,0.740769,1.792937,0.94799,0.237759,0.62,1.25,0.1,0.3,3.5,0.3,175
ALL,498,481,374,361,75,0.316486,0.43075,1.160143,0.85,0.614958,0.781145,0.723143,1.375945,0.90622,0.276396,0.62,1.25,0.1,0.3,3.5,0.35,176
O0,128,121,128,121,25,,,0.356342,,1.0,,,0.307569,,0.339623,0.62,1.25,0.1,0.3,3.5,0.35,176
O1,124,120,0,0,0,-0.009643,-0.017605,1.362208,0.833333,,,,,,,0.62,1.25,0.1,0.3,3.5,0.35,176
O2,124,120,124,120,25,0.205087,0.192479,1.455763,0.841667,0.475,0.721019,0.749231,2.02733,0.913587,0.249144,0.62,1.25,0.1,0.3,3.5,0.35,176
O3,122,120,122,120,25,0.186174,0.209695,1.472957,0.875,0.466667,0.732208,0.740769,1.792937,0.94799,0.237759,0.62,1.25,0.1,0.3,3.5,0.35,176
ALL,498,481,374,361,75,0.307191,0.430562,1.162757,0.85,0.609418,0.792196,0.738305,1.388388,0.889795,0.278678,0.62,1.25,0.1,0.35,2.5,0.3,177
O0,128,121,128,121,25,,,0.365478,,1.0,,,0.307987,,0.348259,0.62,1.25,0.1,0.35,2.5,0.3,177
O1,124,120,0,0,0,-0.009893,-0.013661,1.363158,0.833333,,,,,,,0.62,1.25,0.1,0.35,2.5,0.3,177
O2,124,120,124,120,25,0.18044,0.179443,1.450927,0.841667,0.475,0.730638,0.778462,2.03736,0.884831,0.254862,0.62,1.25,0.1,0.35,2.5,0.3,177
O3,122,120,122,120,25,0.185252,0.210813,1.478109,0.875,0.466667,0.749626,0.75,1.819818,0.950197,0.229882,0.62,1.25,0.1,0.35,2.5,0.3,177
ALL,498,481,374,361,75,0.30749,0.43068,1.162997,0.85,0.609418,0.792196,0.738305,1.388388,0.889795,0.278678,0.62,1.25,0.1,0.35,2.5,0.35,178
O0,128,121,128,121,25,,,0.365478,,1.0,,,0.307987,,0.348259,0.62,1.25,0.1,0.35,2.5,0.35,178
O1,124,120,0,0,0,-0.008427,-0.013661,1.364119,0.833333,,,,,,,0.62,1.25,0.1,0.35,2.5,0.35,178
O2,124,120,124,120,25,0.18044,0.179443,1.450927,0.841667,0.475,0.730638,0.778462,2.03736,0.884831,0.254862,0.62,1.25,0.1,0.35,2.5,0.35,178
O3,122,120,122,120,25,0.185252,0.210813,1.478109,0.875,0.466667,0.749626,0.75,1.819818,0.950197,0.229882,0.62,1.25,0.1,0.35,2.5,0.35,178
ALL,498,481,374,361,75,0.307053,0.429564,1.163036,0.85,0.609418,0.792196,0.738305,1.388388,0.889795,0.278678,0.62,1.25,0.1,0.35,3.5,0.3,179
O0,128,121,128,121,25,,,0.365478,,1.0,,,0.307987,,0.348259,0.62,1.25,0.1,0.35,3.5,0.3,179
O1,124,120,0,0,0,-0.010728,-0.020758,1.364276,0.833333,,,,,,,0.62,1.25,0.1,0.35,3.5,0.3,179
O2,124,120,124,120,25,0.18044,0.179443,1.450927,0.841667,0.475,0.730638,0.778462,2.03736,0.884831,0.254862,0.62,1.25,0.1,0.35,3.5,0.3,179
O3,122,120,122,120,25,0.185252,0.210813,1.478109,0.875,0.466667,0.749626,0.75,1.819818,0.950197,0.229882,0.62,1.25,0.1,0.35,3.5,0.3,179
ALL,498,481,374,361,75,0.307352,0.429682,1.163276,0.85,0.609418,0.792196,0.738305,1.388388,0.889795,0.278678,0.62,1.25,0.1,0.35,3.5,0.35,180
O0,128,121,128,121,25,,,0.365478,,1.0,,,0.307987,,0.348259,0.62,1.25,0.1,0.35,3.5,0.35,180
O1,124,120,0,0,0,-0.009262,-0.020758,1.365238,0.833333,,,,,,,0.62,1.25,0.1,0.35,3.5,0.35,180
O2,124,120,124,120,25,0.18044,0.179443,1.450927,0.841667,0.475,0.730638,0.778462,2.03736,0.884831,0.254862,0.62,1.25,0.1,0.35,3.5,0.35,180
O3,122,120,122,120,25,0.185252,0.210813,1.478109,0.875,0.466667,0.749626,0.75,1.819818,0.950197,0.229882,0.62,1.25,0.1,0.35,3.5,0.35,180
ALL,498,481,374,361,75,0.317399,0.432888,1.151732,0.85,0.614958,0.791112,0.725839,1.352459,0.904409,0.280018,0.62,1.25,0.55,0.25,2.5,0.3,181
O0,128,121,128,121,25,,,0.355565,,1.0,,,0.304933,,0.339112,0.62,1.25,0.55,0.25,2.5,0.3,181
O1,124,120,0,0,0,-0.01321,-0.012598,1.352287,0.833333,,,,,,,0.62,1.25,0.55,0.25,2.5,0.3,181
O2,124,120,124,120,25,0.204878,0.199535,1.443098,0.841667,0.475,0.731979,0.756154,1.990158,0.911186,0.256067,0.62,1.25,0.55,0.25,2.5,0.3,181
O3,122,120,122,120,25,0.188844,0.214445,1.462614,0.875,0.466667,0.742869,0.743846,1.762285,0.94453,0.242361,0.62,1.25,0.55,0.25,2.5,0.3,181
ALL,498,481,374,361,75,0.317677,0.433018,1.152395,0.85,0.614958,0.791112,0.725839,1.352459,0.904409,0.280018,0.62,1.25,0.55,0.25,2.5,0.35,182
O0,128,121,128,121,25,,,0.355565,,1.0,,,0.304933,,0.339112,0.62,1.25,0.55,0.25,2.5,0.35,182
O1,124,120,0,0,0,-0.011359,-0.012598,1.354944,0.833333,,,,,,,0.62,1.25,0.55,0.25,2.5,0.35,182
O2,124,120,124,120,25,0.204878,0.199535,1.443098,0.841667,0.475,0.731979,0.756154,1.990158,0.911186,0.256067,0.62,1.25,0.55,0.25,2.5,0.35,182
O3,122,120,122,120,25,0.188844,0.214445,1.462614,0.875,0.466667,0.742869,0.743846,1.762285,0.94453,0.242361,0.62,1.25,0.55,0.25,2.5,0.35,182
ALL,498,481,374,361,75,0.317263,0.432072,1.152006,0.85,0.614958,0.791112,0.725839,1.352459,0.904409,0.280018,0.62,1.25,0.55,0.25,3.5,0.3,183
O0,128,121,128,121,25,,,0.355565,,1.0,,,0.304933,,0.339112,0.62,1.25,0.55,0.25,3.5,0.3,183
O1,124,120,0,0,0,-0.014035,-0.018279,1.353384,0.833333,,,,,,,0.62,1.25,0.55,0.25,3.5,0.3,183
O2,124,120,124,120,25,0.204878,0.199535,1.443098,0.841667,0.475,0.731979,0.756154,1.990158,0.911186,0.256067,0.62,1.25,0.55,0.25,3.5,0.3,183
O3,122,120,122,120,25,0.188844,0.214445,1.462614,0.875,0.466667,0.742869,0.743846,1.762285,0.94453,0.242361,0.62,1.25,0.55,0.25,3.5,0.3,183
ALL,498,481,374,361,75,0.31754,0.432202,1.152669,0.85,0.614958,0.791112,0.725839,1.352459,0.904409,0.280018,0.62,1.25,0.55,0.25,3.5,0.35,184
O0,128,121,128,121,25,,,0.355565,,1.0,,,0.304933,,0.339112,0.62,1.25,0.55,0.25,3.5,0.35,184
O1,124,120,0,0,0,-0.012182,-0.018279,1.356041,0.833333,,,,,,,0.62,1.25,0.55,0.25,3.5,0.35,184
O2,124,120,124,120,25,0.204878,0.199535,1.443098,0.841667,0.475,0.731979,0.756154,1.990158,0.911186,0.256067,0.62,1.25,0.55,0.25,3.5,0.35,184
O3,122,120,122,120,25,0.188844,0.214445,1.462614,0.875,0.466667,0.742869,0.743846,1.762285,0.94453,0.242361,0.62,1.25,0.55,0.25,3.5,0.35,184
ALL,498,481,374,361,75,0.317081,0.43245,1.156573,0.85,0.614958,0.781145,0.723143,1.375945,0.905208,0.279922,0.62,1.25,0.55,0.3,2.5,0.3,185
O0,128,121,128,121,25,,,0.35611,,1.0,,,0.307569,,0.339404,0.62,1.25,0.55,0.3,2.5,0.3,185
O1,124,120,0,0,0,-0.01048,-0.010674,1.357012,0.833333,,,,,,,0.62,1.25,0.55,0.3,2.5,0.3,185
O2,124,120,124,120,25,0.207001,0.198917,1.450842,0.841667,0.475,0.721019,0.749231,2.02733,0.912106,0.254752,0.62,1.25,0.55,0.3,2.5,0.3,185
O3,122,120,122,120,25,0.18782,0.211681,1.469,0.875,0.466667,0.732208,0.740769,1.792937,0.946399,0.243097,0.62,1.25,0.55,0.3,2.5,0.3,185
ALL,498,481,374,361,75,0.317347,0.432602,1.157442,0.85,0.614958,0.781145,0.723143,1.375945,0.905208,0.279922,0.62,1.25,0.55,0.3,2.5,0.35,186
O0,128,121,128,121,25,,,0.35611,,1.0,,,0.307569,,0.339404,0.62,1.25,0.55,0.3,2.5,0.35,186
O1,124,120,0,0,0,-0.008468,-0.010292,1.360493,0.833333,,,,,,,0.62,1.25,0.55,0.3,2.5,0.35,186
O2,124,120,124,120,25,0.207001,0.198917,1.450842,0.841667,0.475,0.721019,0.749231,2.02733,0.912106,0.254752,0.62,1.25,0.55,0.3,2.5,0.35,186
O3,122,120,122,120,25,0.18782,0.211681,1.469,0.875,0.466667,0.732208,0.740769,1.792937,0.946399,0.243097,0.62,1.25,0.55,0.3,2.5,0.35,186
ALL,498,481,374,361,75,0.316945,0.431634,1.156847,0.85,0.614958,0.781145,0.723143,1.375945,0.905208,0.279922,0.62,1.25,0.55,0.3,3.5,0.3,187
O0,128,121,128,121,25,,,0.35611,,1.0,,,0.307569,,0.339404,0.62,1.25,0.55,0.3,3.5,0.3,187
O1,124,120,0,0,0,-0.011298,-0.016147,1.358109,0.833333,,,,,,,0.62,1.25,0.55,0.3,3.5,0.3,187
O2,124,120,124,120,25,0.207001,0.198917,1.450842,0.841667,0.475,0.721019,0.749231,2.02733,0.912106,0.254752,0.62,1.25,0.55,0.3,3.5,0.3,187
O3,122,120,122,120,25,0.18782,0.211681,1.469,0.875,0.466667,0.732208,0.740769,1.792937,0.946399,0.243097,0.62,1.25,0.55,0.3,3.5,0.3,187
ALL,498,481,374,361,75,0.317211,0.431786,1.157715,0.85,0.614958,0.781145,0.723143,1.375945,0.905208,0.279922,0.62,1.25,0.55,0.3,3.5,0.35,188
O0,128,121,128,121,25,,,0.35611,,1.0,,,0.307569,,0.339404,0.62,1.25,0.55,0.3,3.5,0.35,188
O1,124,120,0,0,0,-0.009283,-0.015765,1.36159,0.833333,,,,,,,0.62,1.25,0.55,0.3,3.5,0.35,188
O2,124,120,124,120,25,0.207001,0.198917,1.450842,0.841667,0.475,0.721019,0.749231,2.02733,0.912106,0.254752,0.62,1.25,0.55,0.3,3.5,0.35,188
O3,122,120,122,120,25,0.18782,0.211681,1.469,0.875,0.466667,0.732208,0.740769,1.792937,0.946399,0.243097,0.62,1.25,0.55,0.3,3.5,0.35,188
ALL,498,481,374,361,75,0.307917,0.431454,1.160296,0.85,0.609418,0.792196,0.738305,1.388388,0.888769,0.282202,0.62,1.25,0.55,0.35,2.5,0.3,189
O0,128,121,128,121,25,,,0.365238,,1.0,,,0.307987,,0.348033,0.62,1.25,0.55,0.35,2.5,0.3,189
O1,124,120,0,0,0,-0.009722,-0.01382,1.362438,0.833333,,,,,,,0.62,1.25,0.55,0.35,2.5,0.3,189
O2,124,120,124,120,25,0.182389,0.185527,1.445963,0.841667,0.475,0.730638,0.778462,2.03736,0.883351,0.26045,0.62,1.25,0.55,0.35,2.5,0.3,189
O3,122,120,122,120,25,0.186889,0.212799,1.474171,0.875,0.466667,0.749626,0.75,1.819818,0.948586,0.23524,0.62,1.25,0.55,0.35,2.5,0.3,189
ALL,498,481,374,361,75,0.308216,0.431573,1.160536,0.85,0.609418,0.792196,0.738305,1.388388,0.888769,0.282202,0.62,1.25,0.55,0.35,2.5,0.35,190
O0,128,121,128,121,25,,,0.365238,,1.0,,,0.307987,,0.348033,0.62,1.25,0.55,0.35,2.5,0.35,190
O1,124,120,0,0,0,-0.008256,-0.01382,1.3634,0.833333,,,,,,,0.62,1.25,0.55,0.35,2.5,0.35,190
O2,124,120,124,120,25,0.182389,0.185527,1.445963,0.841667,0.475,0.730638,0.778462,2.03736,0.883351,0.26045,0.62,1.25,0.55,0.35,2.5,0.35,190
O3,122,120,122,120,25,0.186889,0.212799,1.474171,0.875,0.466667,0.749626,0.75,1.819818,0.948586,0.23524,0.62,1.25,0.55,0.35,2.5,0.35,190
ALL,498,481,374,361,75,0.307781,0.430558,1.16057,0.85,0.609418,0.792196,0.738305,1.388388,0.888769,0.282202,0.62,1.25,0.55,0.35,3.5,0.3,191
O0,128,121,128,121,25,,,0.365238,,1.0,,,0.307987,,0.348033,0.62,1.25,0.55,0.35,3.5,0.3,191
O1,124,120,0,0,0,-0.010542,-0.019592,1.363535,0.833333,,,,,,,0.62,1.25,0.55,0.35,3.5,0.3,191
O2,124,120,124,120,25,0.182389,0.185527,1.445963,0.841667,0.475,0.730638,0.778462,2.03736,0.883351,0.26045,0.62,1.25,0.55,0.35,3.5,0.3,191
O3,122,120,122,120,25,0.186889,0.212799,1.474171,0.875,0.466667,0.749626,0.75,1.819818,0.948586,0.23524,0.62,1.25,0.55,0.35,3.5,0.3,191
ALL,498,481,374,361,75,0.30808,0.430676,1.16081,0.85,0.609418,0.792196,0.738305,1.388388,0.888769,0.282202,0.62,1.25,0.55,0.35,3.5,0.35,192
O0,128,121,128,121,25,,,0.365238,,1.0,,,0.307987,,0.348033,0.62,1.25,0.55,0.35,3.5,0.35,192
O1,124,120,0,0,0,-0.009075,-0.019592,1.364496,0.833333,,,,,,,0.62,1.25,0.55,0.35,3.5,0.35,192
O2,124,120,124,120,25,0.182389,0.185527,1.445963,0.841667,0.475,0.730638,0.778462,2.03736,0.883351,0.26045,0.62,1.25,0.55,0.35,3.5,0.35,192
O3,122,120,122,120,25,0.186889,0.212799,1.474171,0.875,0.466667,0.749626,0.75,1.819818,0.948586,0.23524,0.62,1.25,0.55,0.35,3.5,0.35,192
